statement_id,band,tier,confidence,matched_ledger_ids,predicted_allocations,reason
493774985907,green,exact,1.000,964267878358,USD_2022-01-28_ACC#00001_66912     666896668913027378246660 CA HAN65     AT885446 SMILAX   GESS      T313027378246660 CA HAN65     AT885446,"amount, value date and sign agree, and a reference code is shared"
744103695791,green,exact,1.000,541646019011,USD_2022-09-08_ACC#00001_66912     0256602566 SMILAX   FGGKR,"amount, value date and sign agree, and a reference code is shared"
636939812295,green,exact,1.000,42398821147,USD_2022-09-10_ACC#00001_66912     66325663250 32566D5RP7 088            JOQVY - ELUVIA - SMILAX   GFG       VC0 32566D5RP7 088            JOQVY - ELUVIA -,"amount, value date and sign agree, and a reference code is shared"
452324230919,green,exact,1.000,484999517027,USD_2022-09-10_ACC#00001_66912     66325663250 32566D5TDO 088            JOQVY - ELUVIA - SMILAX   GFG       VC0 32566D5TDO 088            JOQVY - ELUVIA -,"amount, value date and sign agree, and a reference code is shared"
219833900920,green,exact,1.000,670342811183,USD_2022-09-10_ACC#00001_66912     6107361073 SMILAX   GPD,"amount, value date and sign agree, and a reference code is shared"
91856920933,green,exact,1.000,843908686619,USD_2022-09-10_ACC#00001_66912     6682866828SHAMESICK FROM JAUN UNFED   BHOOSA- DESINENT SMILAX   FGGQQ     PHOTOACTIVE FROM JAUN UNFED   BHOOSA- DESINENT               029666884360546802,"amount, value date and sign agree, and a reference code is shared"
262270667392,green,exact,1.000,286850770194,USD_2022-09-10_ACC#00001_66912     6033960339 SMILAX   GPD,"amount, value date and sign agree, and a reference code is shared"
222033267577,green,exact,1.000,983545086510,USD_2022-09-10_ACC#00001_66912     66325663250 32566D5DYT 088            JOQVY - ELUVIA - SMILAX   GFG       VC0 32566D5DYT 088            JOQVY - ELUVIA -,"amount, value date and sign agree, and a reference code is shared"
989183538449,green,exact,1.000,21251065507,USD_2022-09-10_ACC#00001_66912     6692666926 SMILAX   GPD,"amount, value date and sign agree, and a reference code is shared"
987522728745,green,exact,1.000,736383744206,USD_2022-09-10_ACC#00001_66912     0250702507180359 67666                SEMSEM MARACAN WHUFF SMILAX   BOLL      RM180359 67666                SEMSEM MARACAN S FOMALHAUT,"amount, value date and sign agree, and a reference code is shared"
885332889264,green,exact,1.000,676004429374,USD_2022-09-10_ACC#00001_66912     0256602566 SMILAX   FGGKR,"amount, value date and sign agree, and a reference code is shared"
374669107792,green,exact,1.000,59493362406,USD_2022-09-10_ACC#00001_66912     0250702507188961867666                ANDI SEMSEM DIP WOLD SMILAX   BOLL      00188961867666                ANDI SEMSEM DIP  WOLD,"amount, value date and sign agree, and a reference code is shared"
824935921966,green,exact,1.000,991102813199,USD_2022-09-10_ACC#00001_66912     66325663250 32566D5RVP 088            JOQVY - ELUVIA - SMILAX   GFG       VC0 32566D5RVP 088            JOQVY - ELUVIA -,"amount, value date and sign agree, and a reference code is shared"
799625418990,green,exact,1.000,277237598196,USD_2022-09-10_ACC#00001_66912     66325663250 32566D5RBL 088            JOQVY - ELUVIA - SMILAX   GFG       VC0 32566D5RBL 088            JOQVY - ELUVIA -,"amount, value date and sign agree, and a reference code is shared"
367818289551,green,exact,1.000,650135475896,USD_2022-09-10_ACC#00001_66912     66325663250 32566D91YS 088            JOQVY - BAS - DG SMILAX   GFG       VC0 32566D91YS 088            JOQVY - BAS - DG,"amount, value date and sign agree, and a reference code is shared"
780742509199,green,exact,1.000,987260387747,USD_2022-09-10_ACC#00001_66912     66325663250 32566D5ATQ 088            JOQVY - ELUVIA - SMILAX   GFG       VC0 32566D5ATQ 088            JOQVY - ELUVIA -,"amount, value date and sign agree, and a reference code is shared"
881187699099,green,exact,1.000,89749122241,USD_2022-09-10_ACC#00001_66912     66325663250 32566D5RGT 088            JOQVY - ELUVIA - SMILAX   GFG       VC0 32566D5RGT 088            JOQVY - ELUVIA -,"amount, value date and sign agree, and a reference code is shared"
725434067601,green,exact,1.000,168253232830,USD_2022-09-10_ACC#00001_66912     66325663250 32566D5J46 088            JOQVY DE -ELUVIA SMILAX   GFG       VC0 32566D5J46 088            JOQVY DE -ELUVIA,"amount, value date and sign agree, and a reference code is shared"
94290808770,green,exact,1.000,418891472297,USD_2022-09-10_ACC#00001_66912     66325663250 32566D5W18 088            JOQVY - ELUVIA - SMILAX   GFG       VC0 32566D5W18 088            JOQVY - ELUVIA -,"amount, value date and sign agree, and a reference code is shared"
966264466818,green,exact,1.000,584915438075,USD_2022-09-10_ACC#00001_66912     6670866708P 7084423767 602            OARS PISTRIX -V&F TO SMILAX   OARS      IGN 7084423767 602            OARS PISTRIX -V& F SHY         F SHY,"amount, value date and sign agree, and a reference code is shared"
717909123630,green,exact,1.000,504915067215,USD_2022-09-10_ACC#00001_66912     66325663250 32566D5RY1 088            JOQVY - ELUVIA - SMILAX   GFG       VC0 32566D5RY1 088            JOQVY - ELUVIA -,"amount, value date and sign agree, and a reference code is shared"
316360495323,green,exact,1.000,815079152079,USD_2022-09-10_ACC#00001_66912     6682866828SHAMESICK FROM JAUN UNFED   JEE - DESINENT SMILAX   FGGQQ     PHOTOACTIVE FROM JAUN UNFED   JEE - DESINENT                 029666084766469042,"amount, value date and sign agree, and a reference code is shared"
714099023212,green,exact,1.000,846279310908,USD_2022-09-10_ACC#00001_66912     66325663250 32566D5J23 088            JOQVY - ELUVIA - SMILAX   GFG       VC0 32566D5J23 088            JOQVY - ELUVIA -,"amount, value date and sign agree, and a reference code is shared"
242003628937,green,exact,1.000,888700273204,USD_2022-09-10_ACC#00001_66912     66325663250 32566D5RN6 088            JOQVY - ELUVIA - SMILAX   GFG       VC0 32566D5RN6 088            JOQVY - ELUVIA -,"amount, value date and sign agree, and a reference code is shared"
255760015638,green,exact,1.000,735359435577,USD_2022-09-10_ACC#00001_66912     0250702507181327 67666                SEMSEM MARACAN WHUFF SMILAX   BOLL      RM181327 67666                SEMSEM MARACAN S FOMALHAUT,"amount, value date and sign agree, and a reference code is shared"
672683336943,green,exact,1.000,539430840436,USD_2022-09-10_ACC#00001_66912     66325663250 32566D5TRN 088            JOQ TREPIDATORY SMILAX   GFG       VC0 32566D5TRN 088            JOQ TREPIDATORY,"amount, value date and sign agree, and a reference code is shared"
905688579341,green,exact,1.000,23328864401,USD_2022-09-10_ACC#00001_66912     66325663250 32566D5RRF 088            JOQVY - ELUVIA - SMILAX   GFG       VC0 32566D5RRF 088            JOQVY - ELUVIA -,"amount, value date and sign agree, and a reference code is shared"
991630436880,green,exact,1.000,161847633473,USD_2022-09-10_ACC#00001_66912     66325663250 32566D5TBF 088            JOQVY - ELUVIA - SMILAX   GFG       VC0 32566D5TBF 088            JOQVY - ELUVIA -,"amount, value date and sign agree, and a reference code is shared"
50070500117,green,exact,1.000,980880968096,USD_2022-09-10_ACC#00001_66912     6107361073 SMILAX   GPD,"amount, value date and sign agree, and a reference code is shared"
375518322446,green,exact,1.000,173248578749,USD_2022-09-10_ACC#00001_66912     66325663250 32566D5RE7 088            JOQVY - ELUVIA - SMILAX   GFG       VC0 32566D5RE7 088            JOQVY - ELUVIA -,"amount, value date and sign agree, and a reference code is shared"
726296264387,green,exact,1.000,467343053299,USD_2022-09-10_ACC#00001_66912     66325663250 32566D5RY3 088            JOQVY - ELUVIA - SMILAX   GFG       VC0 32566D5RY3 088            JOQVY - ELUVIA -,"amount, value date and sign agree, and a reference code is shared"
914702442174,green,exact,1.000,742633194469,USD_2022-09-10_ACC#00001_66912     6692666926 SMILAX   GPD,"amount, value date and sign agree, and a reference code is shared"
457082279312,green,exact,1.000,416271064275,USD_2022-09-10_ACC#00001_66912     6682866828SHAMESICK FROM JAUN UNFED   JOQOEV HUMP FGDK SMILAX   FGGQQ     PHOTOACTIVE FROM JAUN UNFED   JOQOEV HUMP FGDK               029666012566328042,"amount, value date and sign agree, and a reference code is shared"
757300623922,green,exact,1.000,523214346108,USD_2022-09-10_ACC#00001_66912     0256602566 SMILAX   FGGKR,"amount, value date and sign agree, and a reference code is shared"
527139625005,green,exact,1.000,881727481013,USD_2022-09-10_ACC#00001_66912     66325663250 32566D5RQ4 088            JOQVY - ELUVIA - SMILAX   GFG       VC0 32566D5RQ4 088            JOQVY - ELUVIA -,"amount, value date and sign agree, and a reference code is shared"
312047155201,green,exact,1.000,672346865734,USD_2022-09-10_ACC#00001_66912     66325663250 32566D5RM8 088            JOQVY - ELUVIA - SMILAX   GFG       VC0 32566D5RM8 088            JOQVY - ELUVIA -,"amount, value date and sign agree, and a reference code is shared"
313166492021,green,exact,1.000,105637927021,USD_2022-09-10_ACC#00001_66912     66325663250 32566D5RK8 088            JOQVY - BAS - DG SMILAX   GFG       VC0 32566D5RK8 088            JOQVY - BAS - DG,"amount, value date and sign agree, and a reference code is shared"
259727567341,green,exact,1.000,493763390496,USD_2022-09-10_ACC#00001_66912     6692666926 SMILAX   GPD,"amount, value date and sign agree, and a reference code is shared"
702508504754,green,exact,1.000,100266194865,USD_2022-09-10_ACC#00001_66912     66325663250 32566D92BX 088            JOQVY - BAS - DG SMILAX   GFG       VC0 32566D92BX 088            JOQVY - BAS - DG,"amount, value date and sign agree, and a reference code is shared"
652698279776,green,exact,1.000,41231527310,USD_2022-09-10_ACC#00001_66912     66325663250 32566D5J2C 088            JOQVY - ELUVIA - SMILAX   GFG       VC0 32566D5J2C 088            JOQVY - ELUVIA -,"amount, value date and sign agree, and a reference code is shared"
950930824249,green,exact,1.000,206782715436,USD_2022-09-10_ACC#00001_66912     66325663250 32566D5RA7 088            JOQVY - BAS - DG SMILAX   GFG       VC0 32566D5RA7 088            JOQVY - BAS - DG,"amount, value date and sign agree, and a reference code is shared"
109741167272,green,exact,1.000,23077287677,USD_2022-09-10_ACC#00001_66912     66325663250 32566D5J8G 088            JOQVY - ELUVIA - SMILAX   GFG       VC0 32566D5J8G 088            JOQVY - ELUVIA -,"amount, value date and sign agree, and a reference code is shared"
613332741609,green,exact,1.000,163374779042,USD_2022-09-10_ACC#00001_66912     66325663250 32566D5DKY 088            JOQVY - ELUVIA - SMILAX   GFG       VC0 32566D5DKY 088            JOQVY - ELUVIA -,"amount, value date and sign agree, and a reference code is shared"
452263886453,green,exact,1.000,633320950816,USD_2022-09-10_ACC#00001_66912     6682866828SHAMESICK FROM JAUN UNFED   JOQ ANNAT CITE SMILAX   FGGQQ     PHOTOACTIVE FROM JAUN UNFED   JOQ ANNAT CITE                 029666663866677366,"amount, value date and sign agree, and a reference code is shared"
267442154861,green,exact,1.000,842772314028,USD_2022-09-10_ACC#00001_66912     6033960339 SMILAX   GPD,"amount, value date and sign agree, and a reference code is shared"
119833999002,green,exact,1.000,885054666036,USD_2022-09-10_ACC#00001_66912     66325663250 32566D93DJ 088            JOQVY DE -ELUVIA SMILAX   GFG       VC0 32566D93DJ 088            JOQVY DE -ELUVIA,"amount, value date and sign agree, and a reference code is shared"
432654232637,green,exact,1.000,257239983185,USD_2022-09-10_ACC#00001_66912     0256602566 SMILAX   FGGKR,"amount, value date and sign agree, and a reference code is shared"
416276792279,green,exact,1.000,20393024098,USD_2022-09-10_ACC#00001_66912     66325663250 32566D5W6B 088            JOQVY - ELUVIA - SMILAX   GFG       VC0 32566D5W6B 088            JOQVY - ELUVIA -,"amount, value date and sign agree, and a reference code is shared"
794402001794,green,exact,1.000,884313347016,USD_2022-09-10_ACC#00001_66912     66325663250 32566D5TR2 088            JOQVY - ELUVIA - SMILAX   GFG       VC0 32566D5TR2 088            JOQVY - ELUVIA -,"amount, value date and sign agree, and a reference code is shared"
217364785332,green,exact,1.000,721203464229,USD_2022-09-10_ACC#00001_66912     66325663250 32566D5W0M 088            JOQVY - ELUVIA - SMILAX   GFG       VC0 32566D5W0M 088            JOQVY - ELUVIA -,"amount, value date and sign agree, and a reference code is shared"
205620816568,green,exact,1.000,592806184787,USD_2022-09-10_ACC#00001_66912     66325663250 32566D5W7C 088            JOQVY - BAS - DG SMILAX   GFG       VC0 32566D5W7C 088            JOQVY - BAS - DG,"amount, value date and sign agree, and a reference code is shared"
379396443872,green,exact,1.000,759964940220,USD_2022-09-10_ACC#00001_66912     66325663250 32566D5W6D 088            JOQVY - ELUVIA - SMILAX   GFG       VC0 32566D5W6D 088            JOQVY - ELUVIA -,"amount, value date and sign agree, and a reference code is shared"
96445241010,green,exact,1.000,568321828506,USD_2022-09-10_ACC#00001_66912     66325663250 32566D952D 088            JOQVY - BAS - DG SMILAX   GFG       VC0 32566D952D 088            JOQVY - BAS - DG,"amount, value date and sign agree, and a reference code is shared"
502655895943,green,exact,1.000,647478625314,USD_2022-09-10_ACC#00001_66912     6107361073 SMILAX   GPD,"amount, value date and sign agree, and a reference code is shared"
228577805580,green,exact,1.000,734176359960,USD_2022-09-10_ACC#00001_66912     0719407194 SMILAX   FGGKR,"amount, value date and sign agree, and a reference code is shared"
304492213833,green,exact,1.000,631950591094,USD_2022-09-10_ACC#00001_66912     6600466004P 0044423679 602            OARS PISTRIX - CHEVY SMILAX   OARS      IGN 0044423679 602            OARS PISTRIX - T TRISOMY ZO PANTOMETER ZO WOO,"amount, value date and sign agree, and a reference code is shared"
562865337971,green,exact,1.000,780323742849,USD_2022-09-10_ACC#00001_66912     66325663250 32566D5J6C 088            JOQVY DE -ELUVIA SMILAX   GFG       VC0 32566D5J6C 088            JOQVY DE -ELUVIA,"amount, value date and sign agree, and a reference code is shared"
914281664353,green,exact,1.000,652749814773,USD_2022-09-10_ACC#00001_66912     6692666926 SMILAX   GPD,"amount, value date and sign agree, and a reference code is shared"
144695033027,green,exact,1.000,809740323502,USD_2022-09-10_ACC#00001_66912     66325663250 32566D91BB 088            JOQVY - BAS - DG SMILAX   GFG       VC0 32566D91BB 088            JOQVY - BAS - DG,"amount, value date and sign agree, and a reference code is shared"
821908539020,green,exact,1.000,551557844314,USD_2022-09-10_ACC#00001_66912     0250702507187969 67666                SEMSEM MARACAN WHUFF SMILAX   BOLL      RM187969 67666                SEMSEM MARACAN S FOMALHAUT,"amount, value date and sign agree, and a reference code is shared"
314722327446,green,exact,1.000,55841734636,USD_2022-09-10_ACC#00001_66912     66325663250 32566D5RPY 088            JOQVY - ELUVIA - SMILAX   GFG       VC0 32566D5RPY 088            JOQVY - ELUVIA -,"amount, value date and sign agree, and a reference code is shared"
594672371500,green,exact,1.000,573840057972,USD_2022-09-10_ACC#00001_66912     0999909999 SMILAX   FGGKR,"amount, value date and sign agree, and a reference code is shared"
982873772609,green,exact,1.000,327784443152,USD_2022-09-10_ACC#00001_66912     66325663250 32566D5RGH 088            JOQVY - ELUVIA - SMILAX   GFG       VC0 32566D5RGH 088            JOQVY - ELUVIA -,"amount, value date and sign agree, and a reference code is shared"
642014399481,green,exact,1.000,814132932468,USD_2022-09-10_ACC#00001_66912     66325663250 32566D91YP 088            JOQVY - BAS - DG SMILAX   GFG       VC0 32566D91YP 088            JOQVY - BAS - DG,"amount, value date and sign agree, and a reference code is shared"
687954421028,green,exact,1.000,792639380868,USD_2022-09-10_ACC#00001_66912     66325663250 32566D5RFA 088            JOQVY - ELUVIA - SMILAX   GFG       VC0 32566D5RFA 088            JOQVY - ELUVIA -,"amount, value date and sign agree, and a reference code is shared"
986448182345,green,exact,1.000,575849442255,USD_2022-09-10_ACC#00001_66912     6107361073 SMILAX   GPD,"amount, value date and sign agree, and a reference code is shared"
788034821698,green,exact,1.000,409976220616,USD_2022-09-10_ACC#00001_66912     0256602566 SMILAX   FGGKR,"amount, value date and sign agree, and a reference code is shared"
332259700619,green,exact,1.000,788885009285,USD_2022-09-10_ACC#00001_66912     0256602566 SMILAX   FGGKR,"amount, value date and sign agree, and a reference code is shared"
703017864765,green,exact,1.000,831241949282,USD_2022-09-10_ACC#00001_66912     66325663250 32566D5RVY 088            JOQVY - ELUVIA - SMILAX   GFG       VC0 32566D5RVY 088            JOQVY - ELUVIA -,"amount, value date and sign agree, and a reference code is shared"
779727842476,green,exact,1.000,700050535495,USD_2022-09-10_ACC#00001_66912     66325663250 32566D5J50 088            JOQVY - ELUVIA - SMILAX   GFG       VC0 32566D5J50 088            JOQVY - ELUVIA -,"amount, value date and sign agree, and a reference code is shared"
885377642390,green,exact,1.000,854021805526,USD_2022-09-10_ACC#00001_66912     66325663250 32566D5ABK 088            JOQVY - BAS - DG SMILAX   GFG       VC0 32566D5ABK 088            JOQVY - BAS - DG,"amount, value date and sign agree, and a reference code is shared"
54729055800,green,exact,1.000,703682608330,USD_2022-09-10_ACC#00001_66912     66325663250 32566D5DK9 088            JOQVY - ELUVIA - SMILAX   GFG       VC0 32566D5DK9 088            JOQVY - ELUVIA -,"amount, value date and sign agree, and a reference code is shared"
107952168619,green,exact,1.000,513790868022,USD_2022-09-10_ACC#00001_66912     66325663250 32566D5J53 088            JOQVY - ELUVIA - SMILAX   GFG       VC0 32566D5J53 088            JOQVY - ELUVIA -,"amount, value date and sign agree, and a reference code is shared"
626514879478,green,exact,1.000,661052921817,USD_2022-09-10_ACC#00001_66912     66325663250 32566D5RAP 088            JOQVY - ELUVIA - SMILAX   GFG       VC0 32566D5RAP 088            JOQVY - ELUVIA -,"amount, value date and sign agree, and a reference code is shared"
749362947100,green,exact,1.000,474216479194,USD_2022-09-10_ACC#00001_66912     66325663250 32566D5J9R 088            JOQVY - ELUVIA - SMILAX   GFG       VC0 32566D5J9R 088            JOQVY - ELUVIA -,"amount, value date and sign agree, and a reference code is shared"
3948269429,green,exact,1.000,343409911857,USD_2022-09-10_ACC#00001_66912     66325663250 32566D952I 088            JOQVY - BAS - DG SMILAX   GFG       VC0 32566D952I 088            JOQVY - BAS - DG,"amount, value date and sign agree, and a reference code is shared"
275050773558,green,exact,1.000,509019328916,USD_2022-09-10_ACC#00001_66912     66325663250 32566D5TR6 088            JOQVY - ELUVIA - SMILAX   GFG       VC0 32566D5TR6 088            JOQVY - ELUVIA -,"amount, value date and sign agree, and a reference code is shared"
277567882780,green,exact,1.000,152056732526,USD_2022-09-10_ACC#00001_66912     0256602566 SMILAX   FGGKR,"amount, value date and sign agree, and a reference code is shared"
28988457112,green,exact,1.000,814968890166,USD_2022-09-10_ACC#00001_66912     66325663250 32566D5AL4 088            JOQVY - ELUVIA - SMILAX   GFG       VC0 32566D5AL4 088            JOQVY - ELUVIA -,"amount, value date and sign agree, and a reference code is shared"
361023303190,green,exact,1.000,285806440208,USD_2022-09-10_ACC#00001_66912     66325663250 32566D5RAO 088            JOQVY - ELUVIA - SMILAX   GFG       VC0 32566D5RAO 088            JOQVY - ELUVIA -,"amount, value date and sign agree, and a reference code is shared"
101588485875,green,exact,1.000,348884682575,USD_2022-09-10_ACC#00001_66912     6033960339 SMILAX   GPD,"amount, value date and sign agree, and a reference code is shared"
785770489271,green,exact,1.000,773429860304,USD_2022-09-10_ACC#00001_66912     6692666926GN735 VIEWY                 ET3832 SMILAX   GESS      CUCA735 VIEWY                 ET3832,"amount, value date and sign agree, and a reference code is shared"
882056355779,green,exact,1.000,757503114197,USD_2022-09-10_ACC#00001_66912     66325663250 32566D5J3U 088            JOQVY - ELUVIA - SMILAX   GFG       VC0 32566D5J3U 088            JOQVY - ELUVIA -,"amount, value date and sign agree, and a reference code is shared"
696280904790,green,exact,1.000,655590654449,USD_2022-09-10_ACC#00001_66912     66325663250 32566D5RUR 088            JOQVY - ELUVIA - SMILAX   GFG       VC0 32566D5RUR 088            JOQVY - ELUVIA -,"amount, value date and sign agree, and a reference code is shared"
496913638555,green,exact,1.000,341334891457,USD_2022-09-10_ACC#00001_66912     66325663250 32566D5DYN 088            JOQVY - ELUVIA - SMILAX   GFG       VC0 32566D5DYN 088            JOQVY - ELUVIA -,"amount, value date and sign agree, and a reference code is shared"
567501878824,green,exact,1.000,323021686676,USD_2022-09-10_ACC#00001_66912     66325663250 32566D5RAL 088            JOQVY - ELUVIA - SMILAX   GFG       VC0 32566D5RAL 088            JOQVY - ELUVIA -,"amount, value date and sign agree, and a reference code is shared"
932352621134,green,exact,1.000,726657021644,USD_2022-09-10_ACC#00001_66912     66325663250 32566D5TR7 088            JOQVY - ELUVIA - SMILAX   GFG       VC0 32566D5TR7 088            JOQVY - ELUVIA -,"amount, value date and sign agree, and a reference code is shared"
580615817141,green,exact,1.000,107351494267,USD_2022-09-10_ACC#00001_66912     66325663250 32566D5RAE 088            JOQVY - ELUVIA - SMILAX   GFG       VC0 32566D5RAE 088            JOQVY - ELUVIA -,"amount, value date and sign agree, and a reference code is shared"
362532367762,green,exact,1.000,581399773556,USD_2022-09-11_ACC#00001_66912     66325663250 32566D9YPH 088            JOQVY-BAS JOQVY SMILAX   GFG       VC0 32566D9YPH 088            JOQVY-BAS JOQVY,"amount, value date and sign agree, and a reference code is shared"
893322645294,green,exact,1.000,923558434056,USD_2022-09-11_ACC#00001_66912     6692666926 SMILAX   GPD,"amount, value date and sign agree, and a reference code is shared"
157314760851,green,exact,1.000,307935192782,USD_2022-09-11_ACC#00001_66912     6682866828SHAMESICK FROM JAUN UNFED   BHOOSA- DESINENT SMILAX   FGGQQ     PHOTOACTIVE FROM JAUN UNFED   BHOOSA- DESINENT               029666884360546802,"amount, value date and sign agree, and a reference code is shared"
570705219486,green,exact,1.000,381550245754,USD_2022-09-11_ACC#00001_66912     66325663250 32566D9FFU 088               DE VIZIR LATA SMILAX   GFG       VC0 32566D9FFU 088               DE VIZIR LATA,"amount, value date and sign agree, and a reference code is shared"
243285062799,green,exact,1.000,269628494988,USD_2022-09-11_ACC#00001_66912     6682866828SHAMESICK FROM JAUN UNFED   JOQ ANNAT CITE SMILAX   FGGQQ     PHOTOACTIVE FROM JAUN UNFED   JOQ ANNAT CITE                 029666663166677651,"amount, value date and sign agree, and a reference code is shared"
372254734196,green,exact,1.000,530771205044,USD_2022-09-11_ACC#00001_66912     66325663250 32566D9OEH 088            JOQVY - BAS - DG SMILAX   GFG       VC0 32566D9OEH 088            JOQVY - BAS - DG,"amount, value date and sign agree, and a reference code is shared"
708061389093,green,exact,1.000,842427373017,USD_2022-09-11_ACC#00001_66912     0256602566 SMILAX   FGGKR,"amount, value date and sign agree, and a reference code is shared"
673827392747,green,exact,1.000,300132583246,USD_2022-09-11_ACC#00001_66912     66325663250 32566D9YIJ 088            JOQVY-BAS JOQVY SMILAX   GFG       VC0 32566D9YIJ 088            JOQVY-BAS JOQVY,"amount, value date and sign agree, and a reference code is shared"
310137570784,green,exact,1.000,577455095962,USD_2022-09-11_ACC#00001_66912     6033960339 SMILAX   GPD,"amount, value date and sign agree, and a reference code is shared"
975966413020,green,exact,1.000,487253203714,USD_2022-09-11_ACC#00001_66912     66325663257 29266D9YEK 088                HORAL BAA NM SMILAX   GFG       VC7 29266D9YEK 088                HORAL BAA NM,"amount, value date and sign agree, and a reference code is shared"
359234198176,green,exact,1.000,169825858484,USD_2022-09-11_ACC#00001_66912     66325663250 32566D9C4Y 088            JOQVY-BAS JOQVY SMILAX   GFG       VC0 32566D9C4Y 088            JOQVY-BAS JOQVY,"amount, value date and sign agree, and a reference code is shared"
879489755640,green,exact,1.000,22729625825,USD_2022-09-11_ACC#00001_66912     66325663250 32566D9V5Z 088            JOQ TREPIDATORY SMILAX   GFG       VC0 32566D9V5Z 088            JOQ TREPIDATORY,"amount, value date and sign agree, and a reference code is shared"
769322937680,green,exact,1.000,5089964103,USD_2022-09-11_ACC#00001_66912     6682866828SHAMESICK FROM JAUN UNFED   JOQOEV HUMP FGDK SMILAX   FGGQQ     PHOTOACTIVE FROM JAUN UNFED   JOQOEV HUMP FGDK               029666012966328351,"amount, value date and sign agree, and a reference code is shared"
753516051024,green,exact,1.000,704720677256,USD_2022-09-11_ACC#00001_66912     66325663250 37266D55YS 088            REI KEF QMQF MG SMILAX   GFG       VC0 37266D55YS 088            REI KEF QMQF MG,"amount, value date and sign agree, and a reference code is shared"
727759976679,green,exact,1.000,352348039747,USD_2022-09-11_ACC#00001_66912     0250702507114867 67666                SEMSEM MARACAN WHUFF SMILAX   BOLL      RM114867 67666                SEMSEM MARACAN S FOMALHAUT,"amount, value date and sign agree, and a reference code is shared"
719036467280,green,exact,1.000,110881244258,USD_2022-09-11_ACC#00001_66912     6033960339 SMILAX   GPD,"amount, value date and sign agree, and a reference code is shared"
196088753429,green,exact,1.000,791304533928,USD_2022-09-11_ACC#00001_66912     0250702507115956967666                ANDI SEMSEM DIP WOLD SMILAX   BOLL      00115956967666                ANDI SEMSEM DIP  WOLD,"amount, value date and sign agree, and a reference code is shared"
312445751785,green,exact,1.000,451081278445,USD_2022-09-11_ACC#00001_66912     0256602566 SMILAX   FGGKR,"amount, value date and sign agree, and a reference code is shared"
875964197167,green,exact,1.000,808196422703,USD_2022-09-11_ACC#00001_66912     0256602566 SMILAX   FGGKR,"amount, value date and sign agree, and a reference code is shared"
780049289807,green,exact,1.000,184465064907,USD_2022-09-11_ACC#00001_66912     66325663250 32566D9D89 088            ESNE - OL OGPU L SMILAX   GFG       VC0 32566D9D89 088            ESNE - OL OGPU L,"amount, value date and sign agree, and a reference code is shared"
330987624189,green,exact,1.000,744593504369,USD_2022-09-11_ACC#00001_66912     66325663250 32566D9OEB 088            JOQVY - BAS - DG SMILAX   GFG       VC0 32566D9OEB 088            JOQVY - BAS - DG,"amount, value date and sign agree, and a reference code is shared"
567076606559,green,exact,1.000,514618985428,USD_2022-09-11_ACC#00001_66912     66325663257 29266D9VVA 088            JOQVY - BAS - SM SMILAX   GFG       VC7 29266D9VVA 088            JOQVY - BAS - SM,"amount, value date and sign agree, and a reference code is shared"
62611738552,green,exact,1.000,53615353540,USD_2022-09-11_ACC#00001_66912     66325663250 32566D9VGR 088            JOQVY - ELUVIA - SMILAX   GFG       VC0 32566D9VGR 088            JOQVY - ELUVIA -,"amount, value date and sign agree, and a reference code is shared"
74800740924,green,exact,1.000,106450919463,USD_2022-09-11_ACC#00001_66912     6692666926 SMILAX   GPD,"amount, value date and sign agree, and a reference code is shared"
532664419046,green,exact,1.000,159426511472,USD_2022-09-11_ACC#00001_66912     66325663250 32566D9QOQ 088            JOQVY - BAS - DG SMILAX   GFG       VC0 32566D9QOQ 088            JOQVY - BAS - DG,"amount, value date and sign agree, and a reference code is shared"
826153179997,green,exact,1.000,835740300844,USD_2022-09-11_ACC#00001_66912     66325663250 32566D9OIK 088            JOQVY - BAS - DG SMILAX   GFG       VC0 32566D9OIK 088            JOQVY - BAS - DG,"amount, value date and sign agree, and a reference code is shared"
860966403675,green,exact,1.000,632925757144,USD_2022-09-11_ACC#00001_66912     66325663250 32566D9IPG 088            JOQ TREPIDATORY SMILAX   GFG       VC0 32566D9IPG 088            JOQ TREPIDATORY,"amount, value date and sign agree, and a reference code is shared"
970398659210,green,exact,1.000,656408897696,USD_2022-09-11_ACC#00001_66912     6692666926 SMILAX   GPD,"amount, value date and sign agree, and a reference code is shared"
213431277138,green,exact,1.000,815137657413,USD_2022-09-11_ACC#00001_66912     66325663250 32566D9IOI 088            LUBA FLAX EFI - SMILAX   GFG       VC0 32566D9IOI 088            LUBA FLAX EFI -,"amount, value date and sign agree, and a reference code is shared"
280007997155,amber,scored,1.000,806160437604,USD_2015-03-08_ACC#00001_66412     66510665106660296113CACK H      ARATORY         131C6880 PILER    FZ          6660296113CACK H      ARATORY         131C6880,"best global assignment on amount, date and reference agreement"
181057034015,amber,scored,1.000,702634469908,USD_2021-10-20_ACC#00001_66912     0250702507168113 67666                SEMSEM ODONTOLOGY AZ,"best global assignment on amount, date and reference agreement"
467657119682,amber,scored,1.000,88499957482,USD_2021-12-10_ACC#00001_66912     6692666926MC627 EU14282               ET3832 SMILAX   GESS      ALAE627 EU14282               ET3832,"best global assignment on amount, date and reference agreement"
422529914773,amber,scored,0.800,232011239220,USD_2021-11-27_ACC#00001_66912     0646006460S 56966M8P0P                BURO JADY GAT AUG - SMILAX   RAMON     GFG 56966M8P0P                BURO JADY GAT IT X - T         BURTREE.QUETCH - TA           JOQGE.TA,"best global assignment on amount, date and reference agreement"
125355389927,amber,scored,1.000,374875584912,USD_2021-12-29_ACC#00001_66912     0646006460S                           BURO JADY GAT AUG -,"best global assignment on amount, date and reference agreement"
835614750803,amber,scored,1.000,974723458768,USD_2021-12-31_ACC#00001_66912     0646006460S                           BURO JADY GAT AUG -,"best global assignment on amount, date and reference agreement"
469305108066,amber,scored,1.000,843669833030,USD_2021-12-31_ACC#00001_66912     0646006460S                           BURO JADY GAT AUG -,"best global assignment on amount, date and reference agreement"
985562588265,amber,scored,1.000,962084631618,USD_2021-12-31_ACC#00001_66912     0646006460S                           BURO JADY GAT AUG -,"best global assignment on amount, date and reference agreement"
821727665249,amber,scored,1.000,550071174674,USD_2022-01-06_ACC#00001_66912     6692666926IVT47 VIEWY                 ET3832 SMILAX   GESS      ROMAN47 VIEWY                 ET3832,"best global assignment on amount, date and reference agreement"
165126245261,amber,scored,1.000,721219251827,USD_2022-01-08_ACC#00001_66912     6692666926VB134                       LV1025 SMILAX   GESS      JADE134                       LV1025,"best global assignment on amount, date and reference agreement"
440994243561,amber,scored,1.000,173825031607,USD_2022-01-12_ACC#00001_66912     0250702507167957 67666                SEMSEM ODONTOLOGY AZ,"best global assignment on amount, date and reference agreement"
805448929723,amber,scored,1.000,795557482408,USD_2022-01-12_ACC#00001_66912     0250702507160570 67666                SEMSEM ODONTOLOGY AZ,"best global assignment on amount, date and reference agreement"
608894123116,amber,scored,1.000,721092502819,USD_2022-01-12_ACC#00001_66912     0250702507167996 67666                SEMSEM ODONTOLOGY AZ,"best global assignment on amount, date and reference agreement"
758503139761,amber,scored,0.850,599198302226,USD_2022-01-15_ACC#00001_66912     0147601476098067541476                OFF TMH DIP WOLD SMILAX   BOLL      00098067541476                OFF TMH DIP WOLD,"best global assignment on amount, date and reference agreement"
895739112193,amber,scored,1.000,161596289631,USD_2022-01-12_ACC#00001_66912     0250702507167951 67666                SEMSEM ODONTOLOGY AZ,"best global assignment on amount, date and reference agreement"
967043846231,amber,scored,1.000,709180862866,USD_2022-01-21_ACC#00001_66912     0250702507168300 67666                SEMSEM ODONTOLOGY AZ,"best global assignment on amount, date and reference agreement"
293295894959,amber,scored,1.000,783265600391,USD_2022-01-27_ACC#00001_66912     0646006460S                           BURO JADY GAT AUG -,"best global assignment on amount, date and reference agreement"
893569433499,amber,scored,1.000,890414590543,USD_2022-01-29_ACC#00001_66912     0156801568761889517667SENSU59         MORIBUND ROTENONES S SMILAX   BOLL      00761889517667SENSU59         MORIBUND ZYGNEMA SK HYRACIFORM,"best global assignment on amount, date and reference agreement"
183204692480,amber,scored,1.000,677921131324,USD_2022-01-29_ACC#00001_66912     0100101001767977215062NACHE73         MORIBUND ROTENONES S SMILAX   BOLL      00767977215062NACHE73         MORIBUND ZYGNEMA SK HYRACIFORM,"best global assignment on amount, date and reference agreement"
292205987242,amber,scored,0.999,280746484814,USD_2022-01-29_ACC#00001_66912     02566025660666H3         6666666666 SMILAX   FGGKR     FW0666H3         6666666666,"best global assignment on amount, date and reference agreement"
129563910074,amber,scored,0.850,616643878328,USD_2022-01-29_ACC#00001_66912     02566025660666H3         6666666666,"best global assignment on amount, date and reference agreement"
903937059595,amber,scored,1.000,63732401550,USD_2022-01-28_ACC#00001_66912     02566025660666H3         6666666666 SMILAX   FGGKR     FW0666H3         6666666666,"best global assignment on amount, date and reference agreement"
908538344124,amber,scored,0.800,90664934413,USD_2022-01-30_ACC#00001_66912     0639506395S                           BURO JADY GAT AUG -,"best global assignment on amount, date and reference agreement"
167305788659,amber,scored,0.850,466017800376,USD_2022-02-06_ACC#00001_66912     0147601476706695041476BREI162         OFF TMH TIRO FAMES SMILAX   BOLL      00706695041476BREI162         OFF TMH TIRO HAU BT,"best global assignment on amount, date and reference agreement"
163960801373,amber,scored,1.000,572814374494,USD_2022-02-09_ACC#00001_66912     0256602566 SMILAX   FGGKR,"best global assignment on amount, date and reference agreement"
242667000110,amber,scored,1.000,158502366637,USD_2022-02-09_ACC#00001_66912     0256602566 SMILAX   FGGKR,"best global assignment on amount, date and reference agreement"
797659706520,amber,scored,1.000,399695318480,USD_2022-02-03_ACC#00001_66912     0256602566 SMILAX   FGGKR,"best global assignment on amount, date and reference agreement"
833991028802,amber,scored,1.000,101021997453,USD_2022-02-09_ACC#00001_66912     6692666926IVT77                       ET3832 SMILAX   GESS      ROMAN77                       ET3832,"best global assignment on amount, date and reference agreement"
689172835387,amber,scored,1.000,674689989373,USD_2022-02-26_ACC#00001_66912     0256602566 SMILAX   FGGKR,"best global assignment on amount, date and reference agreement"
800260687630,amber,scored,1.000,902044692621,USD_2022-01-29_ACC#00001_KR AUG ENCEPHALOMYELOPATHY THIASOS,"best global assignment on amount, date and reference agreement"
620910847262,amber,scored,1.000,703607233182,USD_2022-03-16_ACC#00001_66912     6653566535IDYLS0367414                BX30075 SMILAX   GESS      PEARLER0367414                BX30075,"best global assignment on amount, date and reference agreement"
276139089614,amber,scored,1.000,762973657855,USD_2022-03-16_ACC#00001_66912     66325663250 32566L8V2X 088 C6501 60   JOQVY - DP - BOY SMILAX   GFG       VC0 32566L8V2X 088 C6501 60   JOQVY - DP - BOY,"best global assignment on amount, date and reference agreement"
678749472039,amber,scored,1.000,655686676910,USD_2022-02-27_ACC#00001_66912     0639506395S                           BURO JADY GAT AUG -,"best global assignment on amount, date and reference agreement"
966046214134,amber,scored,1.000,639071528736,USD_2022-03-23_ACC#00001_66912     0105801058715619510026CAITE10         MORIBUND VEXES WHUFF SMILAX   BOLL      00715619510026CAITE10         MORIBUND VEXES S FOMALHAUT,"best global assignment on amount, date and reference agreement"
659757151697,amber,scored,1.000,928538918422,USD_2022-03-17_ACC#00001_66912     66325663250 32566L31LE 088 C6410 60   JOQVY-DP BD-DP-H SMILAX   GFG       VC0 32566L31LE 088 C6410 60   JOQVY-DP BD-DP-H,"best global assignment on amount, date and reference agreement"
69766979207,amber,scored,1.000,212151573889,USD_2022-03-26_ACC#00001_66912     0256602566 SMILAX   FGGKR,"best global assignment on amount, date and reference agreement"
277182156063,amber,scored,1.000,663641691690,USD_2022-03-20_ACC#00001_66912     6692666926GUE90 VIEWY                 ET3832 SMILAX   GESS      REOIL90 VIEWY                 ET3832,"best global assignment on amount, date and reference agreement"
476756672084,amber,scored,1.000,128129333624,USD_2022-03-27_ACC#00001_66912     0646006460S                           BURO JADY GAT AUG -,"best global assignment on amount, date and reference agreement"
720305237759,amber,scored,1.000,569616860320,USD_2022-03-31_ACC#00001_66912     0256602566 SMILAX   FGGKR,"best global assignment on amount, date and reference agreement"
998095425556,amber,scored,1.000,901982819071,USD_2022-04-03_ACC#00001_66912     0147701477685148341477                IPL MARACAN COMPRISE SMILAX   BOLL      VU685148341477                IPL MARACAN SACS RUMMLE,"best global assignment on amount, date and reference agreement"
947441691198,amber,scored,0.850,501632377021,USD_2022-03-17_ACC#00001_66912     66325663250 32566L31LE 088 C6410 60   JOQVY-DP BD-DP-H,"best global assignment on amount, date and reference agreement"
109033042266,amber,scored,1.000,160125292561,USD_2022-04-08_ACC#00001_66912     0256602566 SMILAX   FGGKR,"best global assignment on amount, date and reference agreement"
703555724654,amber,scored,1.000,694956190843,USD_2022-04-01_ACC#00001_66912     0646006460S                           BURO JADY GAT AUG -,"best global assignment on amount, date and reference agreement"
895308886170,amber,scored,1.000,558692672305,USD_2022-04-13_ACC#00001_66912     0256602566 SMILAX   FGGKR,"best global assignment on amount, date and reference agreement"
712831428059,amber,scored,1.000,515864828022,USD_2022-04-07_ACC#00001_66912     0250702507171241 67666                SEMSEM ODONTOLOGY AZ,"best global assignment on amount, date and reference agreement"
277900531944,amber,scored,1.000,474052875891,USD_2022-04-14_ACC#00001_66912     0256602566 SMILAX   FGGKR,"best global assignment on amount, date and reference agreement"
935202932578,amber,scored,1.000,897627284986,USD_2022-04-14_ACC#00001_66912     0646006460S                           BURO JADY GAT AUG -,"best global assignment on amount, date and reference agreement"
762149316236,amber,scored,0.950,395875753615,USD_2022-04-14_ACC#00001_66912     66325663250 32566BFGBB 088            JOQVY - BAS - DG,"best global assignment on amount, date and reference agreement"
652487936069,amber,scored,1.000,637315098499,USD_2022-04-15_ACC#00001_66912     0250702507171226 67666                SEMSEM ODONTOLOGY AZ,"best global assignment on amount, date and reference agreement"
686377351618,amber,scored,1.000,379577802845,USD_2022-04-20_ACC#00001_66912     6692666926IVT08 VIEWY                 ET3832 SMILAX   GESS      ROMAN08 VIEWY                 ET3832,"best global assignment on amount, date and reference agreement"
498355935144,amber,scored,1.000,395854806183,USD_2022-04-24_ACC#00001_66912     66535665356BW61862329   746BW68048034 WF36197 SMILAX   GESS      756BW61862329   746BW68048034 WF36197,"best global assignment on amount, date and reference agreement"
388436779151,amber,scored,1.000,410292720313,USD_2022-04-10_ACC#00001_66912     0256602566,"best global assignment on amount, date and reference agreement"
563716341934,amber,scored,0.950,366653944938,USD_2022-04-30_ACC#00001_66912     0646006460S                           BURO JADY GAT AUG -,"best global assignment on amount, date and reference agreement"
869801268316,amber,scored,1.000,34294387111,USD_2022-04-30_ACC#00001_66912     0646006460S 56966S73IA                BURO JADY GAT AUG - SMILAX   RAMON     GFG 56966S73IA                BURO JADY GAT IT X - T         FESTINANCE - TA               JOQGE.TA,"best global assignment on amount, date and reference agreement"
34372609393,amber,scored,1.000,417078830268,USD_2022-05-05_ACC#00001_66912     0999909999 SMILAX   FGGKR,"best global assignment on amount, date and reference agreement"
798631298713,amber,scored,0.949,10275098149,USD_2022-05-04_ACC#00001_66912     0646006460S                           BURO JADY GAT AUG - SMILAX   RAMON     GFG                           BURO JADY GAT IT X - T         EVL.TA                        JOQGE.TA,"best global assignment on amount, date and reference agreement"
204946694660,amber,scored,1.000,502620957396,USD_2022-05-06_ACC#00001_66912     6692666926CRY OFF                     N658355 SMILAX   GESS      WABBY OFF                     N658355,"best global assignment on amount, date and reference agreement"
155299323956,amber,scored,1.000,771182139413,USD_2022-05-06_ACC#00001_66912     0670806708739561114407VINYL97         MORIBUND ROTENONES S SMILAX   BOLL      00739561114407VINYL97         MORIBUND ZYGNEMA SK HYRACIFORM,"best global assignment on amount, date and reference agreement"
443971954858,amber,scored,0.850,955322787226,USD_2022-05-04_ACC#00001_66912     0191001910740914012808WASN544         MORIBUND ROTENONES S,"best global assignment on amount, date and reference agreement"
830653365061,amber,scored,1.000,158978460998,USD_2022-05-07_ACC#00001_66912     6692666926CRY OFF                     N658355 SMILAX   GESS      WABBY OFF                     N658355,"best global assignment on amount, date and reference agreement"
7498831139,amber,scored,1.000,21471500819,USD_2022-05-08_ACC#00001_66912     0256602566 SMILAX   FGGKR,"best global assignment on amount, date and reference agreement"
615446326948,amber,scored,0.800,562490447173,USD_2022-05-04_ACC#00001_66912     0147601476747645941476                OFF TMH DIP WOLD,"best global assignment on amount, date and reference agreement"
944191245131,amber,scored,1.000,610355920301,USD_2022-05-08_ACC#00001_66912     0122701227743507212667VINYL55         MORIBUND ROTENONES S SMILAX   BOLL      00743507212667VINYL55         MORIBUND ZYGNEMA SK HYRACIFORM,"best global assignment on amount, date and reference agreement"
180776115097,amber,scored,1.000,971941532322,USD_2022-05-07_ACC#00001_66912     0122701227748752412667VINYL32         MORIBUND ROTENONES S SMILAX   BOLL      00748752412667VINYL32         MORIBUND ZYGNEMA SK HYRACIFORM,"best global assignment on amount, date and reference agreement"
302403787275,amber,scored,1.000,459535018223,USD_2022-05-12_ACC#00001_66912     0122701227748198312667ELVAN46         MORIBUND ROTENONES S SMILAX   BOLL      00748198312667ELVAN46         MORIBUND ZYGNEMA SK HYRACIFORM,"best global assignment on amount, date and reference agreement"
423246479727,amber,scored,1.000,870195238013,USD_2022-05-13_ACC#00001_66912     0250702507172692 67666                SEMSEM ODONTOLOGY AZ,"best global assignment on amount, date and reference agreement"
748967861188,amber,scored,0.900,173349445382,USD_2022-05-13_ACC#00001_66912     0141601416685953541416                IPL ODONTOLOGY WHUFF,"best global assignment on amount, date and reference agreement"
41170002477,amber,scored,1.000,141646288806,USD_2022-05-15_ACC#00001_66912     6653566535U CLIO                      PT36333 SMILAX   GESS      HAO CLIO                      PT36333,"best global assignment on amount, date and reference agreement"
789909566208,amber,scored,0.850,945998560461,USD_2022-05-18_ACC#00001_66912     66325663250 32566GYFTB 088            PRYSE-ELUVIA POR SMILAX   GFG       VC0 32566GYFTB 088            PRYSE-ELUVIA POR,"best global assignment on amount, date and reference agreement"
152689480471,amber,scored,1.000,444579037332,USD_2022-05-22_ACC#00001_66912     0250702507173988 67666                SEMSEM ODONTOLOGY AZ,"best global assignment on amount, date and reference agreement"
61012566395,amber,scored,1.000,545318779456,USD_2022-05-04_ACC#00001_66912     0250702507174723 67666                SEMSEM ODONTOLOGY AZ,"best global assignment on amount, date and reference agreement"
982550608298,amber,scored,1.000,820046198336,USD_2022-05-29_ACC#00001_66912     6692666926CRY OFF                     N658355 SMILAX   GESS      WABBY OFF                     N658355,"best global assignment on amount, date and reference agreement"
834167141234,amber,scored,1.000,157672256110,USD_2022-05-29_ACC#00001_66912     0603606036729854167888VINYL32         OFF TMH SEE FAMES SMILAX   BOLL      00729854167888VINYL32         OFF TMH SEE EMEU S,"best global assignment on amount, date and reference agreement"
634347652712,amber,scored,1.000,300399594232,USD_2022-05-18_ACC#00001_66912     0250702507174805 67666                SEMSEM ODONTOLOGY AZ,"best global assignment on amount, date and reference agreement"
170376031281,amber,scored,1.000,422936984244,USD_2022-06-01_ACC#00001_66912     0256602566 SMILAX   FGGKR,"best global assignment on amount, date and reference agreement"
778774497004,amber,scored,1.000,294883868306,USD_2022-06-01_ACC#00001_66912     6668966689F SMILAX   GESS      B F,"best global assignment on amount, date and reference agreement"
320097276771,amber,scored,1.000,994446493752,USD_2022-06-01_ACC#00001_66912     66325663250 32566GHB0Z 088            JOQVY - BAS - DG,"best global assignment on amount, date and reference agreement"
252668020251,amber,scored,1.000,730167312226,USD_2022-05-20_ACC#00001_66912     66325663250 37266S5OBM 088            INFL MEZZO SAME SMILAX   GFG       VC0 37266S5OBM 088            INFL MEZZO SAME,"best global assignment on amount, date and reference agreement"
871180339088,amber,scored,1.000,695048591432,USD_2022-06-05_ACC#00001_66912     0779507795 SMILAX   WAP,"best global assignment on amount, date and reference agreement"
532456569288,amber,scored,1.000,255721161930,USD_2022-06-09_ACC#00001_66912     0779507795 SMILAX   WAP,"best global assignment on amount, date and reference agreement"
628941111270,amber,scored,1.000,3913055093,USD_2022-06-05_ACC#00001_66912     0609306093756533267005MOZO636         MORIBUND ROTENONES S SMILAX   BOLL      00756533267005MOZO636         MORIBUND ZYGNEMA SK HYRACIFORM,"best global assignment on amount, date and reference agreement"
722465872333,amber,scored,1.000,9070330496,USD_2022-06-09_ACC#00001_66912     0779507795 SMILAX   WAP,"best global assignment on amount, date and reference agreement"
434407515622,amber,scored,1.000,990337617869,USD_2022-05-28_ACC#00001_66912     6692666926IVA56 EU 47082              ET3832 SMILAX   GESS      NACHE56 EU 47082              ET3832,"best global assignment on amount, date and reference agreement"
30423103336,amber,scored,1.000,340850436077,USD_2022-06-09_ACC#00001_66912     66325663250 32566GOMD5 088            JOQVY - BAS - DG,"best global assignment on amount, date and reference agreement"
572874106175,amber,scored,1.000,158999445968,USD_2022-06-11_ACC#00001_66912     0670806708753461214476SHOWD60         MORIBUND ROTENONES S SMILAX   BOLL      00753461214476SHOWD60         MORIBUND ZYGNEMA SK HYRACIFORM,"best global assignment on amount, date and reference agreement"
647066677190,amber,scored,1.000,138818265609,USD_2022-05-29_ACC#00001_66912     0646006460S 56966GJDNB                BURO JADY GAT AUG - SMILAX   RAMON     GFG 56966GJDNB                BURO JADY GAT IT X - T         EYEWITNESS - TA               JOQGE.TA,"best global assignment on amount, date and reference agreement"
772145493145,amber,scored,0.799,401308362264,USD_2022-05-25_ACC#00001_66912     6692666926VB650                       ET3832 SMILAX   GESS      JADE650                       ET3832,"best global assignment on amount, date and reference agreement"
697417513002,amber,scored,1.000,100319260622,USD_2022-06-15_ACC#00001_66912     0256602566 SMILAX   FGGKR,"best global assignment on amount, date and reference agreement"
149563811921,amber,scored,0.800,315427153230,USD_2022-06-16_ACC#00001_66912     66325663250 32566VC7Z6 088            JO TONITE AGGEST SMILAX   GFG       VC0 32566VC7Z6 088            JO TONITE AGGEST,"best global assignment on amount, date and reference agreement"
579077718647,amber,scored,1.000,100406954282,USD_2022-06-19_ACC#00001_66912     0976909769791353919262RIGHT69         MORIBUND ROTENONES S SMILAX   BOLL      00791353919262RIGHT69         MORIBUND ZYGNEMA SK HYRACIFORM,"best global assignment on amount, date and reference agreement"
75802015363,amber,scored,1.000,872727878402,USD_2022-06-18_ACC#00001_66912     665356653566661771468                 YI4657 SMILAX   GESS      4566661771468                 YI4657,"best global assignment on amount, date and reference agreement"
99074108663,amber,scored,1.000,301461400927,USD_2022-06-18_ACC#00001_66912     66325663257 29266TB181 088            BYRLAW PREDEBTOR SMILAX   GFG       VC7 29266TB181 088            BYRLAW PREDEBTOR,"best global assignment on amount, date and reference agreement"
976431940673,amber,scored,1.000,943389058246,USD_2022-06-24_ACC#00001_66912     66325663250 32566GDOUD 088            JOQVY - BAS - DG,"best global assignment on amount, date and reference agreement"
630422335038,amber,scored,1.000,360324306287,USD_2022-06-26_ACC#00001_66912     0646006460S                           BURO JADY GAT AUG - SMILAX   RAMON     GFG                           BURO JADY GAT IT X - T         AGAWAM CUE.TA                 JOQGE.TA,"best global assignment on amount, date and reference agreement"
24153333637,amber,scored,1.000,122473618670,USD_2022-07-06_ACC#00001_66912     66325663250 37266I1TML 088            JO TONITE AGGEST,"best global assignment on amount, date and reference agreement"
728530166940,amber,scored,0.950,604125005372,USD_2022-07-06_ACC#00001_66912     66325663250 37266I1TAO 088            JO TONITE AGGEST,"best global assignment on amount, date and reference agreement"
18540657424,amber,scored,1.000,516448821410,USD_2022-07-07_ACC#00001_66912     6692666926DAK95                       ET3832 SMILAX   GESS      EPOXY95                       ET3832,"best global assignment on amount, date and reference agreement"
509281827328,amber,scored,0.800,722240184034,USD_2022-07-02_ACC#00001_66912     0999909999,"best global assignment on amount, date and reference agreement"
287804782255,amber,scored,0.900,707710392686,USD_2022-07-06_ACC#00001_66912     66325663250 37266I1TML 088            JO TONITE AGGEST SMILAX   GFG       VC0 37266I1TML 088            JO TONITE AGGEST,"best global assignment on amount, date and reference agreement"
687374170296,amber,scored,1.000,400455088427,USD_2022-07-09_ACC#00001_66912     0779507795 SMILAX   WAP,"best global assignment on amount, date and reference agreement"
849337619913,amber,scored,0.800,186888109811,USD_2022-07-09_ACC#00001_66912     66325663250 37266I27BO 088            INFL MEZZO ED BK,"best global assignment on amount, date and reference agreement"
830387182072,amber,scored,1.000,411686141864,USD_2022-07-13_ACC#00001_66912     6692666926EDH44                       ET3832 SMILAX   GESS      RIPED44                       ET3832,"best global assignment on amount, date and reference agreement"
294585831026,amber,scored,1.000,606211536831,USD_2022-06-30_ACC#00001_66912     66325663250 37266I70FF 088            SRI KAMIAN COOTH SMILAX   GFG       VC0 37266I70FF 088            SRI KAMIAN COOTH,"best global assignment on amount, date and reference agreement"
231108387280,amber,scored,0.950,438903281877,USD_2022-07-15_ACC#00001_66912     0250702507118771 67666                SEMSEM ODONTOLOGY AZ,"best global assignment on amount, date and reference agreement"
937964487542,amber,scored,1.000,676150213053,USD_2022-07-21_ACC#00001_66912     0256602566 SMILAX   FGGKR,"best global assignment on amount, date and reference agreement"
374573726537,amber,scored,1.000,229947508924,USD_2022-07-21_ACC#00001_66912     0122001220107927812660CRIB930         MORIBUND ROTENONES S SMILAX   BOLL      00107927812660CRIB930         MORIBUND ZYGNEMA SK HYRACIFORM,"best global assignment on amount, date and reference agreement"
511608682091,amber,scored,1.000,147826885020,USD_2022-07-16_ACC#00001_66912     6692666926IVT08 VIEWY                 ET3832 SMILAX   GESS      ROMAN08 VIEWY                 ET3832,"best global assignment on amount, date and reference agreement"
970355472237,amber,scored,0.850,890299704571,USD_2022-07-24_ACC#00001_66912     66325663250 32566FHM3H 088            JO TONITE & MG N SMILAX   GFG       VC0 32566FHM3H 088            JO TONITE & MG N,"best global assignment on amount, date and reference agreement"
806967089656,amber,scored,1.000,446532685485,USD_2022-07-15_ACC#00001_66912     0250702507729364467666                ANDI SEMSEM DIP WOLD SMILAX   BOLL      00729364467666                ANDI SEMSEM DIP  WOLD,"best global assignment on amount, date and reference agreement"
229987218588,amber,scored,1.000,487679628338,USD_2022-07-27_ACC#00001_66912     0256602566 SMILAX   FGGKR,"best global assignment on amount, date and reference agreement"
610709096232,amber,scored,1.000,508507165456,USD_2022-07-28_ACC#00001_66912     0646006460S                           BURO JADY GAT AUG - SMILAX   RAMON     GFG                           BURO JADY GAT IT X - T         EYEWITNESS - TA               JOQGE.TA,"best global assignment on amount, date and reference agreement"
919924319677,amber,scored,1.000,529741552800,USD_2022-07-28_ACC#00001_66912     0646006460S                           BURO JADY GAT AUG - SMILAX   RAMON     GFG                           BURO JADY GAT IT X - T         AGAWAM CUE.TA                 JOQGE.TA,"best global assignment on amount, date and reference agreement"
205988288902,amber,scored,1.000,830809973131,USD_2022-07-30_ACC#00001_66912     02566025660666H3         6666666666 SMILAX   FGGKR     FW0666H3         6666666666,"best global assignment on amount, date and reference agreement"
160380405685,amber,scored,0.950,671501847988,USD_2022-07-29_ACC#00001_66912     0639906399S                           BURO JADY GAT AUG - SMILAX   RAMON     GFG                           BURO JADY GAT IT X - T         GOPURA.TA                     JOQGE.TA,"best global assignment on amount, date and reference agreement"
57663382809,amber,scored,1.000,326871258659,USD_2022-07-30_ACC#00001_66912     0702807028176070367463HUBBA50         MORIBUND ROTENONES S SMILAX   BOLL      00176070367463HUBBA50         MORIBUND ZYGNEMA SK HYRACIFORM,"best global assignment on amount, date and reference agreement"
628971429473,amber,scored,1.000,871306714851,USD_2022-07-08_ACC#00001_66912     09999099990666H3         6666666666,"best global assignment on amount, date and reference agreement"
900000611645,amber,scored,1.000,545670722761,USD_2022-08-05_ACC#00001_66912     0122701227178765612667ROMAN42         MORIBUND ROTENONES S SMILAX   BOLL      00178765612667ROMAN42         MORIBUND ZYGNEMA SK HYRACIFORM,"best global assignment on amount, date and reference agreement"
219784400545,amber,scored,1.000,421186549548,USD_2022-08-05_ACC#00001_66912     6692666926CRY OFF                     X000878 SMILAX   GESS      WABBY OFF                     X000878,"best global assignment on amount, date and reference agreement"
325152532711,amber,scored,1.000,155760056237,USD_2022-08-05_ACC#00001_66912     0250702507109820767666                ANDI SEMSEM DIP WOLD SMILAX   BOLL      00109820767666                ANDI SEMSEM DIP  WOLD,"best global assignment on amount, date and reference agreement"
833362573119,amber,scored,1.000,432051695964,USD_2022-08-04_ACC#00001_66912     6692666926NCO20                       ET3832 SMILAX   GESS      DYNAM20                       ET3832,"best global assignment on amount, date and reference agreement"
415482931620,amber,scored,1.000,376408068713,USD_2022-08-07_ACC#00001_66912     6668966689F SMILAX   GESS      B F,"best global assignment on amount, date and reference agreement"
296463314996,amber,scored,1.000,958228241991,USD_2022-08-07_ACC#00001_66912     0278702787 SMILAX   FGGKR,"best global assignment on amount, date and reference agreement"
88379620351,amber,scored,1.000,837223301428,USD_2022-08-07_ACC#00001_66912     6692666926HV933 VIEWY                 ET3832 SMILAX   GESS      BAIS933 VIEWY                 ET3832,"best global assignment on amount, date and reference agreement"
568327333021,amber,scored,1.000,237809372305,USD_2022-08-11_ACC#00001_66912     66325663250 32566FGVK4 088            JOQVY - BAS - DG,"best global assignment on amount, date and reference agreement"
70955953994,amber,scored,1.000,31724884497,USD_2022-08-17_ACC#00001_66912     0179001790117170114289DOYST36         MORIBUND ROTENONES S SMILAX   BOLL      00117170114289DOYST36         MORIBUND ZYGNEMA SK HYRACIFORM,"best global assignment on amount, date and reference agreement"
210794844921,amber,scored,1.000,530853239488,USD_2022-08-17_ACC#00001_66912     0614606146116392810007EPEE165         MORIBUND ROTENONES S SMILAX   BOLL      00116392810007EPEE165         MORIBUND ZYGNEMA SK HYRACIFORM,"best global assignment on amount, date and reference agreement"
740458566149,amber,scored,1.000,195208347631,USD_2022-08-19_ACC#00001_66912     66325663250 32566FD9AD 088            JOQVY - BAS - DG,"best global assignment on amount, date and reference agreement"
925563149668,amber,scored,1.000,810993385968,USD_2022-08-19_ACC#00001_66912     02566025660666H3         6666666666 SMILAX   FGGKR     FW0666H3         6666666666,"best global assignment on amount, date and reference agreement"
891872544571,amber,scored,1.000,403185316009,USD_2022-08-25_ACC#00001_66912     0156801568114737617661DOYST82         MORIBUND ROTENONES S SMILAX   BOLL      00114737617661DOYST82         MORIBUND ZYGNEMA SK HYRACIFORM,"best global assignment on amount, date and reference agreement"
129404938372,amber,scored,1.000,86102471645,USD_2022-08-25_ACC#00001_66912     6692666926CRY OFF                     N658355 SMILAX   GESS      WABBY OFF                     N658355,"best global assignment on amount, date and reference agreement"
511782087216,amber,scored,1.000,465744685332,USD_2022-08-17_ACC#00001_66912     6692666926EH IFV VIEWY                ET3832 SMILAX   GESS      WELT IFV VIEWY                ET3832,"best global assignment on amount, date and reference agreement"
230301212631,amber,scored,0.950,911651242984,USD_2022-08-26_ACC#00001_66912     66071660710 07166D78P5 088            JO TONITE CG MG SMILAX   GFG       VC0 07166D78P5 088            JO TONITE CG MG,"best global assignment on amount, date and reference agreement"
385510739018,amber,scored,1.000,979832940850,USD_2022-08-24_ACC#00001_66912     0999909999 SMILAX   FGGKR,"best global assignment on amount, date and reference agreement"
90247392012,amber,scored,1.000,948385786048,USD_2022-08-27_ACC#00001_66912     0646006460S                           BURO JADY GAT AUG - SMILAX   RAMON     GFG                           BURO JADY GAT IT X - T         EYEWITNESS - TA               JOQGE.TA,"best global assignment on amount, date and reference agreement"
425163094437,amber,scored,1.000,386085962331,USD_2022-08-28_ACC#00001_66912     0278702787 SMILAX   FGGKR,"best global assignment on amount, date and reference agreement"
474699902998,amber,scored,1.000,652711645533,USD_2022-09-01_ACC#00001_66912     6692666926CRY OFF- TOM                X000878 SMILAX   GESS      WABBY OFF- TOM                X000878,"best global assignment on amount, date and reference agreement"
188352984347,amber,scored,1.000,659696710069,USD_2022-09-01_ACC#00001_66912     66325663250 32566D8IT2 088            JOQVY-DP BD-DP-H SMILAX   GFG       VC0 32566D8IT2 088            JOQVY-DP BD-DP-H,"best global assignment on amount, date and reference agreement"
761286460071,amber,scored,1.000,572218380304,USD_2022-09-01_ACC#00001_66912     0670806708186299314476ATMA074         MORIBUND ROTENONES S SMILAX   BOLL      00186299314476ATMA074         MORIBUND ZYGNEMA SK HYRACIFORM,"best global assignment on amount, date and reference agreement"
157620907951,amber,scored,1.000,895489875071,USD_2022-09-04_ACC#00001_66912     0122701227183394412667DOYST31         MORIBUND ROTENONES S SMILAX   BOLL      00183394412667DOYST31         MORIBUND ZYGNEMA SK HYRACIFORM,"best global assignment on amount, date and reference agreement"
901982861521,amber,scored,1.000,831533504867,USD_2022-09-08_ACC#00001_66912     0122001220181783712660CHARE27         MORIBUND ROTENONES S SMILAX   BOLL      00181783712660CHARE27         MORIBUND ZYGNEMA SK HYRACIFORM,"best global assignment on amount, date and reference agreement"
449990631234,amber,scored,1.000,744258104278,USD_2022-09-08_ACC#00001_66912     6668966689F SMILAX   GESS      B F,"best global assignment on amount, date and reference agreement"
501829224179,amber,scored,1.000,250336336400,USD_2022-09-10_ACC#00001_66912     0670806708182692814476DODOS98         MORIBUND VEXES WHUFF SMILAX   BOLL      00182692814476DODOS98         MORIBUND VEXES S FOMALHAUT,"best global assignment on amount, date and reference agreement"
479488025342,amber,scored,1.000,726139646485,USD_2022-09-10_ACC#00001_66912     66325663250 32566D5RU2 088            JOQVY - BAS - DG SMILAX   GFG       VC0 32566D5RU2 088            JOQVY - BAS - DG,"best global assignment on amount, date and reference agreement"
283546198606,amber,scored,1.000,479392400147,USD_2022-09-10_ACC#00001_66912     0670806708184535614476BREI006         MORIBUND ROTENONES S SMILAX   BOLL      00184535614476BREI006         MORIBUND ZYGNEMA SK HYRACIFORM,"best global assignment on amount, date and reference agreement"
344673970257,amber,scored,1.000,595487815455,USD_2022-09-10_ACC#00001_66912     66325663250 32566D5ATT 088            JOQVY DE -ELUVIA SMILAX   GFG       VC0 32566D5ATT 088            JOQVY DE -ELUVIA,"best global assignment on amount, date and reference agreement"
957588680687,amber,scored,1.000,328459248714,USD_2022-09-10_ACC#00001_66912     0122001220189839712660KY66668         MORIBUND VEXES WHUFF SMILAX   BOLL      00189839712660KY66668         MORIBUND VEXES S FOMALHAUT,"best global assignment on amount, date and reference agreement"
243099009025,amber,scored,1.000,700892057310,USD_2022-09-10_ACC#00001_66912     66325663250 32566D5RY4 088            JOQVY - ELUVIA - SMILAX   GFG       VC0 32566D5RY4 088            JOQVY - ELUVIA -,"best global assignment on amount, date and reference agreement"
686319996050,amber,scored,1.000,913872223252,USD_2022-09-10_ACC#00001_66912     0670806708184536414476SWEAT97         MORIBUND ROTENONES S SMILAX   BOLL      00184536414476SWEAT97         MORIBUND ZYGNEMA SK HYRACIFORM,"best global assignment on amount, date and reference agreement"
964633680962,amber,scored,1.000,166185405921,USD_2022-09-10_ACC#00001_66912     0147701477185980141477DOYST31         OFF TMH TIRO FAMES SMILAX   BOLL      00185980141477DOYST31         OFF TMH TIRO HAU BT,"best global assignment on amount, date and reference agreement"
103091053626,amber,scored,1.000,907786695910,USD_2022-09-10_ACC#00001_66912     0122701227189465912667DOYST43         MORIBUND ROTENONES S SMILAX   BOLL      00189465912667DOYST43         MORIBUND ZYGNEMA SK HYRACIFORM,"best global assignment on amount, date and reference agreement"
332131670411,amber,scored,1.000,699401559839,USD_2022-09-10_ACC#00001_66912     0670806708184559614407CHARE55         MORIBUND VEXES WHUFF SMILAX   BOLL      00184559614407CHARE55         MORIBUND VEXES S FOMALHAUT,"best global assignment on amount, date and reference agreement"
967812820160,amber,scored,1.000,511855761935,USD_2022-09-10_ACC#00001_66912     0147701477189968341477HUBBA50         IF TMH TIRO FAMES SMILAX   BOLL      00189968341477HUBBA50         IF TMH TIRO EMEU S,"best global assignment on amount, date and reference agreement"
101860683160,amber,scored,1.000,189654601431,USD_2022-09-10_ACC#00001_66912     0147701477189961041477DOYST30         IF TMH SEE FAMES SMILAX   BOLL      00189961041477DOYST30         IF TMH SEE FAMES,"best global assignment on amount, date and reference agreement"
72469184183,amber,scored,1.000,516925103794,USD_2022-09-10_ACC#00001_66912     0603606036189967967888VELIC90         IF TMH SEE FAMES SMILAX   BOLL      00189967967888VELIC90         IF TMH SEE FAMES,"best global assignment on amount, date and reference agreement"
39531666134,amber,scored,1.000,558802349672,USD_2022-09-10_ACC#00001_VOYAGE 66912     0670806708184921614407SCOOP55         MORIBUND ROTENONES S,"best global assignment on amount, date and reference agreement"
776921159682,amber,scored,1.000,632672868825,USD_2022-08-21_ACC#00001_66912     0779507795 SMILAX   WAP,"best global assignment on amount, date and reference agreement"
591570231868,amber,scored,1.000,789280171741,USD_2022-09-10_ACC#00001_66912     0670806708182679014476CHARE58         MORIBUND ROTENONES S SMILAX   BOLL      00182679014476CHARE58         MORIBUND ZYGNEMA SK HYRACIFORM,"best global assignment on amount, date and reference agreement"
68811867803,amber,scored,1.000,779270655877,USD_2022-09-10_ACC#00001_66912     0670806708184533414476SHOJI46         MORIBUND ROTENONES S SMILAX   BOLL      00184533414476SHOJI46         MORIBUND ZYGNEMA SK HYRACIFORM,"best global assignment on amount, date and reference agreement"
537582208594,amber,scored,1.000,147740826404,USD_2022-09-10_ACC#00001_66912     0147701477185914841477DOYST30         OFF TMH TIRO FAMES SMILAX   BOLL      00185914841477DOYST30         OFF TMH TIRO HAU BT,"best global assignment on amount, date and reference agreement"
989272963319,amber,scored,1.000,777302693759,USD_2022-09-10_ACC#00001_66912     0603606036185933667888EPEE553         OFF TMH TIRO FAMES SMILAX   BOLL      00185933667888EPEE553         OFF TMH TIRO HAU BT,"best global assignment on amount, date and reference agreement"
225489050609,amber,scored,1.000,133121818730,USD_2022-09-10_ACC#00001_66912     0147701477189961341477DOYST55         IF TMH SEE FAMES SMILAX   BOLL      00189961341477DOYST55         IF TMH SEE FAMES,"best global assignment on amount, date and reference agreement"
843397703898,amber,scored,1.000,817874149714,USD_2022-09-10_ACC#00001_66912     0603606036189966367888CHOIL61         IF TMH TIRO FAMES SMILAX   BOLL      00189966367888CHOIL61         IF TMH TIRO EMEU S,"best global assignment on amount, date and reference agreement"
900107478580,amber,scored,1.000,197593056408,USD_2022-09-10_ACC#00001_66912     66325663250 32566D5GMD 088            JOQVY DE - BAS - SMILAX   GFG       VC0 32566D5GMD 088            JOQVY DE - BAS -,"best global assignment on amount, date and reference agreement"
393817604465,amber,scored,1.000,106997508422,USD_2022-09-10_ACC#00001_66912     0614606146189647110007CHARE90         MORIBUND VEXES WHUFF SMILAX   BOLL      00189647110007CHARE90         MORIBUND VEXES S FOMALHAUT,"best global assignment on amount, date and reference agreement"
418833295780,amber,scored,1.000,944296174542,USD_2022-09-10_ACC#00001_66912     66325663250 32566D5J9G 088            JOQVY - ELUVIA - SMILAX   GFG       VC0 32566D5J9G 088            JOQVY - ELUVIA -,"best global assignment on amount, date and reference agreement"
192006276142,amber,scored,1.000,805233786490,USD_2022-09-10_ACC#00001_66912     0122001220182504512660UNDOG14         MORIBUND ROTENONES S SMILAX   BOLL      00182504512660UNDOG14         MORIBUND ZYGNEMA SK HYRACIFORM,"best global assignment on amount, date and reference agreement"
41254898018,amber,scored,1.000,355175808228,USD_2022-09-10_ACC#00001_66912     0670806708182609114476DOYST63         MORIBUND VEXES WHUFF SMILAX   BOLL      00182609114476DOYST63         MORIBUND VEXES S FOMALHAUT,"best global assignment on amount, date and reference agreement"
705515572222,amber,scored,1.000,644868174564,USD_2022-09-10_ACC#00001_66912     66325663250 32566D5J8X 088            JOQVY - ELUVIA - SMILAX   GFG       VC0 32566D5J8X 088            JOQVY - ELUVIA -,"best global assignment on amount, date and reference agreement"
687096981678,amber,scored,1.000,699743753140,USD_2022-09-10_ACC#00001_66912     0638106381185174488856EPEE276         MORIBUND VEXES WHUFF SMILAX   BOLL      00185174488856EPEE276         MORIBUND VEXES S FOMALHAUT,"best global assignment on amount, date and reference agreement"
392687917196,amber,scored,1.000,152797009411,USD_2022-09-10_ACC#00001_66912     0614606146189647110007CHARE90         MORIBUND VEXES WHUFF SMILAX   BOLL      00189647110007CHARE90         MORIBUND VEXES S FOMALHAUT,"best global assignment on amount, date and reference agreement"
215176817689,amber,scored,1.000,140526617837,USD_2022-09-10_ACC#00001_66912     0147701477189968141477DOYST43         IF TMH SEE FAMES SMILAX   BOLL      00189968141477DOYST43         IF TMH SEE FAMES,"best global assignment on amount, date and reference agreement"
936521130764,amber,scored,1.000,510795214417,USD_2022-09-10_ACC#00001_66912     6692666926TEW64 EU 12660              ET3832 SMILAX   GESS      THAVE64 EU 12660              ET3832,"best global assignment on amount, date and reference agreement"
136129796520,amber,scored,1.000,911949912513,USD_2022-09-10_ACC#00001_66912     66325663250 32566D97Z9 088            JOQVY - BAS - DG SMILAX   GFG       VC0 32566D97Z9 088            JOQVY - BAS - DG,"best global assignment on amount, date and reference agreement"
98391141780,amber,scored,1.000,103025500979,USD_2022-09-10_ACC#00001_66912     0141601416175022541416MOZO637         OFF TMH SEE FAMES SMILAX   BOLL      00175022541416MOZO637         OFF TMH SEE EMEU S,"best global assignment on amount, date and reference agreement"
818418396877,amber,scored,1.000,674334791701,USD_2022-09-10_ACC#00001_VOYAGE 66912     0670806708184547514476RIGHT87         MORIBUND VEXES WHUFF,"best global assignment on amount, date and reference agreement"
722841327590,amber,scored,1.000,872086007143,USD_2022-09-10_ACC#00001_66912     0670806708182602414407ANNET28         MORIBUND ROTENONES S SMILAX   BOLL      00182602414407ANNET28         MORIBUND ZYGNEMA SK HYRACIFORM,"best global assignment on amount, date and reference agreement"
452150223040,amber,scored,1.000,359597125527,USD_2022-09-10_ACC#00001_66912     0670806708184551614407GULA554         MORIBUND VEXES WHUFF SMILAX   BOLL      00184551614407GULA554         MORIBUND VEXES S FOMALHAUT,"best global assignment on amount, date and reference agreement"
306228256555,amber,scored,1.000,171025756990,USD_2022-09-10_ACC#00001_66912     0147701477185918941477DOYST55         OFF TMH TIRO FAMES SMILAX   BOLL      00185918941477DOYST55         OFF TMH TIRO HAU BT,"best global assignment on amount, date and reference agreement"
502634374314,amber,scored,1.000,216047458785,USD_2022-09-10_ACC#00001_66912     0147701477185914841477DOYST30         OFF TMH TIRO FAMES SMILAX   BOLL      00185914841477DOYST30         OFF TMH TIRO HAU BT,"best global assignment on amount, date and reference agreement"
842649019231,amber,scored,1.000,92472053,USD_2022-09-10_ACC#00001_66912     0670806708182670614476HUBBA30         MORIBUND ROTENONES S SMILAX   BOLL      00182670614476HUBBA30         MORIBUND ZYGNEMA SK HYRACIFORM,"best global assignment on amount, date and reference agreement"
306357086945,amber,scored,1.000,537464196424,USD_2022-09-10_ACC#00001_66912     0670806708182693414476SWEAT97         MORIBUND VEXES WHUFF SMILAX   BOLL      00182693414476SWEAT97         MORIBUND VEXES S FOMALHAUT,"best global assignment on amount, date and reference agreement"
15749924346,amber,scored,1.000,70854238284,USD_2022-09-09_ACC#00001_66912     0603706037187010467050DOYST56         MORIBUND ROTENONES S SMILAX   BOLL      00187010467050DOYST56         MORIBUND ZYGNEMA SK HYRACIFORM,"best global assignment on amount, date and reference agreement"
41420022293,amber,scored,1.000,807221283353,USD_2022-09-10_ACC#00001_66912     0141601416136020741416DOYST31         OFF TMH TIRO FAMES SMILAX   BOLL      00136020741416DOYST31         OFF TMH TIRO HAU BT,"best global assignment on amount, date and reference agreement"
284550648842,amber,scored,1.000,231357143442,USD_2022-09-10_ACC#00001_66912     0147701477185914841477DOYST30         OFF TMH TIRO FAMES SMILAX   BOLL      00185914841477DOYST30         OFF TMH TIRO HAU BT,"best global assignment on amount, date and reference agreement"
538535350396,amber,scored,1.000,881312646801,USD_2022-09-10_ACC#00001_66912     66325663250 32566D5RPV 088            JOQVY - ELUVIA - SMILAX   GFG       VC0 32566D5RPV 088            JOQVY - ELUVIA -,"best global assignment on amount, date and reference agreement"
319074853692,amber,scored,1.000,428016541127,USD_2022-09-10_ACC#00001_66912     0670806708184539214476AMAL667         MORIBUND ROTENONES S SMILAX   BOLL      00184539214476AMAL667         MORIBUND ZYGNEMA SK HYRACIFORM,"best global assignment on amount, date and reference agreement"
918263236606,amber,scored,1.000,438239404763,USD_2022-09-10_ACC#00001_66912     07194071940666H3         6666666666 SMILAX   FGGKR     FW0666H3         6666666666,"best global assignment on amount, date and reference agreement"
324961071218,amber,scored,1.000,442181498219,USD_2022-09-10_ACC#00001_66912     0670806708184521414407NAUT812         MORIBUND ROTENONES S SMILAX   BOLL      00184521414407NAUT812         MORIBUND ZYGNEMA SK HYRACIFORM,"best global assignment on amount, date and reference agreement"
165652167282,amber,scored,1.000,201943611740,USD_2022-09-10_ACC#00001_66912     0147701477185915741477ELEGY48         OFF TMH TIRO FAMES SMILAX   BOLL      00185915741477ELEGY48         OFF TMH TIRO HAU BT,"best global assignment on amount, date and reference agreement"
62411218798,amber,scored,1.000,18888657889,USD_2022-09-10_ACC#00001_66912     02566025660666H3         6666666666 SMILAX   FGGKR     FW0666H3         6666666666,"best global assignment on amount, date and reference agreement"
101977353960,amber,scored,1.000,58409755188,USD_2022-09-10_ACC#00001_66912     66325663250 32566D5RD1 088            JOQVY - ELUVIA - SMILAX   GFG       VC0 32566D5RD1 088            JOQVY - ELUVIA -,"best global assignment on amount, date and reference agreement"
305359370132,amber,scored,1.000,1568495515,USD_2022-09-10_ACC#00001_66912     0614606146189647110007CHARE90         MORIBUND VEXES WHUFF SMILAX   BOLL      00189647110007CHARE90         MORIBUND VEXES S FOMALHAUT,"best global assignment on amount, date and reference agreement"
669960737804,amber,scored,1.000,297941700716,USD_2022-09-10_ACC#00001_66912     0147601476136684341476                IF TMH DIP WOLD SMILAX   BOLL      00136684341476                IF TMH DIP WOLD,"best global assignment on amount, date and reference agreement"
380151422084,amber,scored,1.000,954723228468,USD_2022-09-10_ACC#00001_66912     66325663250 32566D5J8Z 088            JOQVY - ELUVIA - SMILAX   GFG       VC0 32566D5J8Z 088            JOQVY - ELUVIA -,"best global assignment on amount, date and reference agreement"
535262904689,amber,scored,1.000,654931160564,USD_2022-09-10_ACC#00001_66912     0141601416115835541416SCOOP39         OFF TMH TIRO FAMES SMILAX   BOLL      00115835541416SCOOP39         OFF TMH TIRO HAU BT,"best global assignment on amount, date and reference agreement"
524336658277,amber,scored,1.000,295841125202,USD_2022-09-10_ACC#00001_66912     0156801568182246217808PRODD31         MORIBUND ROTENONES S SMILAX   BOLL      00182246217808PRODD31         MORIBUND ZYGNEMA SK HYRACIFORM,"best global assignment on amount, date and reference agreement"
685407834279,amber,scored,1.000,11834525037,USD_2022-09-10_ACC#00001_66912     0141601416115463841416DOYST97         OFF TMH SEE FAMES SMILAX   BOLL      00115463841416DOYST97         OFF TMH SEE EMEU S,"best global assignment on amount, date and reference agreement"
881413551072,amber,scored,1.000,797126177288,USD_2022-09-10_ACC#00001_66912     66325663250 32566D5RVB 088            JOQVY - ELUVIA - SMILAX   GFG       VC0 32566D5RVB 088            JOQVY - ELUVIA -,"best global assignment on amount, date and reference agreement"
345140888296,amber,scored,1.000,240571526422,USD_2022-09-10_ACC#00001_66912     0147701477185918941477DOYST55         OFF TMH TIRO FAMES SMILAX   BOLL      00185918941477DOYST55         OFF TMH TIRO HAU BT,"best global assignment on amount, date and reference agreement"
186341996223,amber,scored,1.000,728293104907,USD_2022-09-10_ACC#00001_66912     0122001220184223212660ETCH992         MORIBUND VEXES WHUFF SMILAX   BOLL      00184223212660ETCH992         MORIBUND VEXES S FOMALHAUT,"best global assignment on amount, date and reference agreement"
839246124878,amber,scored,1.000,946771383108,USD_2022-09-10_ACC#00001_66912     02566025660666H3         6666666666 SMILAX   FGGKR     FW0666H3         6666666666,"best global assignment on amount, date and reference agreement"
864750432674,amber,scored,1.000,625671763754,USD_2022-09-10_ACC#00001_66912     0670806708184557314407CHOIL18         MORIBUND ROTENONES S SMILAX   BOLL      00184557314407CHOIL18         MORIBUND ZYGNEMA SK HYRACIFORM,"best global assignment on amount, date and reference agreement"
272399981517,amber,scored,1.000,396333989132,USD_2022-09-10_ACC#00001_66912     0175001750185653715918MESEM39         MORIBUND ROTENONES S SMILAX   BOLL      00185653715918MESEM39         MORIBUND ZYGNEMA SK HYRACIFORM,"best global assignment on amount, date and reference agreement"
282263656155,amber,scored,1.000,391191490616,USD_2022-09-10_ACC#00001_66912     0122001220182834612660SYNE743         MORIBUND ROTENONES S SMILAX   BOLL      00182834612660SYNE743         MORIBUND ZYGNEMA SK HYRACIFORM,"best global assignment on amount, date and reference agreement"
269968235525,amber,scored,1.000,694346828391,USD_2022-09-10_ACC#00001_66912     0141601416115856641416RIGHT00         OFF TMH SEE FAMES SMILAX   BOLL      00115856641416RIGHT00         OFF TMH SEE EMEU S,"best global assignment on amount, date and reference agreement"
103905990863,amber,scored,1.000,522680823475,USD_2022-09-10_ACC#00001_66912     66325663250 32566D5B8Y 088            JOQVY DE -ELUVIA SMILAX   GFG       VC0 32566D5B8Y 088            JOQVY DE -ELUVIA,"best global assignment on amount, date and reference agreement"
712706574363,amber,scored,1.000,45958469234,USD_2022-09-10_ACC#00001_66912     0606206062185703367600FALX817         MORIBUND VEXES WHUFF SMILAX   BOLL      00185703367600FALX817         MORIBUND VEXES S FOMALHAUT,"best global assignment on amount, date and reference agreement"
648809605288,amber,scored,1.000,654197643365,USD_2022-09-10_ACC#00001_66912     66325663250 32566D5RGB 088            JOQVY - ELUVIA - SMILAX   GFG       VC0 32566D5RGB 088            JOQVY - ELUVIA -,"best global assignment on amount, date and reference agreement"
669616447834,amber,scored,1.000,165547343334,USD_2022-09-10_ACC#00001_66912     0670806708184553214407GULA623         MORIBUND VEXES WHUFF SMILAX   BOLL      00184553214407GULA623         MORIBUND VEXES S FOMALHAUT,"best global assignment on amount, date and reference agreement"
598074610202,amber,scored,1.000,380689094047,USD_2022-09-09_ACC#00001_66912     0250702507107998167666                ANDI SEMSEM ENQUIRE SMILAX   BOLL      00107998167666                ANDI SEMSEM WHIG BIG WOLD,"best global assignment on amount, date and reference agreement"
476273907036,amber,scored,1.000,243063671153,USD_2022-09-10_ACC#00001_66912     0147701477185980141477DOYST31         OFF TMH TIRO FAMES SMILAX   BOLL      00185980141477DOYST31         OFF TMH TIRO HAU BT,"best global assignment on amount, date and reference agreement"
137359291853,amber,scored,1.000,409765367993,USD_2022-09-10_ACC#00001_66912     0670806708182694514409ATMA513         MORIBUND VEXES WHUFF SMILAX   BOLL      00182694514409ATMA513         MORIBUND VEXES S FOMALHAUT,"best global assignment on amount, date and reference agreement"
643268519882,amber,scored,1.000,305144449813,USD_2022-09-10_ACC#00001_66912     0147701477185915841477BRAVI49         OFF TMH TIRO FAMES SMILAX   BOLL      00185915841477BRAVI49         OFF TMH TIRO HAU BT,"best global assignment on amount, date and reference agreement"
721488878790,amber,scored,1.000,641833361393,USD_2022-09-10_ACC#00001_66912     0147701477189961241477DODOS59         IF TMH SEE FAMES SMILAX   BOLL      00189961241477DODOS59         IF TMH SEE FAMES,"best global assignment on amount, date and reference agreement"
450548960761,amber,scored,1.000,669329230130,USD_2022-09-10_ACC#00001_66912     0147701477185912141477UNDOG51         OFF TMH SEE FAMES SMILAX   BOLL      00185912141477UNDOG51         OFF TMH SEE EMEU S,"best global assignment on amount, date and reference agreement"
633064976786,amber,scored,1.000,514524933770,USD_2022-09-10_ACC#00001_66912     0156801568185590117661DOYST55         MORIBUND ROTENONES S SMILAX   BOLL      00185590117661DOYST55         MORIBUND ZYGNEMA SK HYRACIFORM,"best global assignment on amount, date and reference agreement"
423526454554,amber,scored,1.000,926330339243,USD_2022-09-10_ACC#00001_66912     0638106381189935688856AUG0676         MORIBUND VEXES WHUFF SMILAX   BOLL      00189935688856AUG0676         MORIBUND VEXES S FOMALHAUT,"best global assignment on amount, date and reference agreement"
674956292636,amber,scored,1.000,576527409023,USD_2022-09-10_ACC#00001_66912     0670806708184553714407SCOTE98         MORIBUND ROTENONES S SMILAX   BOLL      00184553714407SCOTE98         MORIBUND ZYGNEMA SK HYRACIFORM,"best global assignment on amount, date and reference agreement"
500150978444,amber,scored,1.000,68922610170,USD_2022-09-10_ACC#00001_66912     02566025660666H3         6666666666 SMILAX   FGGKR     FW0666H3         6666666666,"best global assignment on amount, date and reference agreement"
261931169626,amber,scored,1.000,678388377632,USD_2022-09-10_ACC#00001_66912     0141601416136048141416DOYST31         OFF TMH TIRO FAMES SMILAX   BOLL      00136048141416DOYST31         OFF TMH TIRO HAU BT,"best global assignment on amount, date and reference agreement"
27462841922,amber,scored,1.000,939358677202,USD_2022-09-10_ACC#00001_66912     0207602076182779413737KELD614         MORIBUND VEXES WHUFF SMILAX   BOLL      00182779413737KELD614         MORIBUND VEXES S FOMALHAUT,"best global assignment on amount, date and reference agreement"
58312359355,amber,scored,1.000,763586825236,USD_2022-09-10_ACC#00001_66912     0256602566 SMILAX   FGGKR,"best global assignment on amount, date and reference agreement"
22330041037,amber,scored,1.000,904507860085,USD_2022-09-10_ACC#00001_66912     0150101501185698116038COCT514         MORIBUND ROTENONES S SMILAX   BOLL      00185698116038COCT514         MORIBUND ZYGNEMA SK HYRACIFORM,"best global assignment on amount, date and reference agreement"
958762086138,amber,scored,1.000,293554088449,USD_2022-09-10_ACC#00001_66912     0670806708184949814476SHOJI46         MORIBUND ROTENONES S SMILAX   BOLL      00184949814476SHOJI46         MORIBUND ZYGNEMA SK HYRACIFORM,"best global assignment on amount, date and reference agreement"
514640382979,amber,scored,1.000,862331089065,USD_2022-09-10_ACC#00001_66912     0141601416136775441416DOYST31         IF TMH SEE FAMES SMILAX   BOLL      00136775441416DOYST31         IF TMH SEE FAMES,"best global assignment on amount, date and reference agreement"
376128496146,amber,scored,1.000,377707368302,USD_2022-09-10_ACC#00001_66912     0670806708184535514476CHARE91         MORIBUND ROTENONES S SMILAX   BOLL      00184535514476CHARE91         MORIBUND ZYGNEMA SK HYRACIFORM,"best global assignment on amount, date and reference agreement"
352737088918,amber,scored,1.000,28888969874,USD_2022-09-10_ACC#00001_66912     0147701477185980141477DOYST31         OFF TMH TIRO FAMES SMILAX   BOLL      00185980141477DOYST31         OFF TMH TIRO HAU BT,"best global assignment on amount, date and reference agreement"
81659407212,amber,scored,1.000,552361461246,USD_2022-09-10_ACC#00001_66912     0122001220182681912660AUG6516         MORIBUND ROTENONES S SMILAX   BOLL      00182681912660AUG6516         MORIBUND ZYGNEMA SK HYRACIFORM,"best global assignment on amount, date and reference agreement"
903496965348,amber,scored,1.000,118863703662,USD_2022-09-10_ACC#00001_66912     66325663250 32566D5RE3 088            JOQVY - ELUVIA - SMILAX   GFG       VC0 32566D5RE3 088            JOQVY - ELUVIA -,"best global assignment on amount, date and reference agreement"
218431586637,amber,scored,1.000,280837471153,USD_2022-09-10_ACC#00001_66912     0141601416630143641416                IPL ODONTOLOGY WHUFF SMILAX   BOLL      VU630143641416                IPL ODONTOLOGY S FOMALHAUT,"best global assignment on amount, date and reference agreement"
597895277887,amber,scored,1.000,540543901849,USD_2022-09-10_ACC#00001_66912     0670806708184529214407BRAVI27         MORIBUND ROTENONES S SMILAX   BOLL      00184529214407BRAVI27         MORIBUND ZYGNEMA SK HYRACIFORM,"best global assignment on amount, date and reference agreement"
968166544911,amber,scored,1.000,536858121219,USD_2022-09-10_ACC#00001_66912     07194071940666H3         6666666666 SMILAX   FGGKR     FW0666H3         6666666666,"best global assignment on amount, date and reference agreement"
780032099917,amber,scored,1.000,120055803215,USD_2022-09-10_ACC#00001_66912     0147701477185919041477HUBBA50         OFF TMH SEE FAMES SMILAX   BOLL      00185919041477HUBBA50         OFF TMH SEE EMEU S,"best global assignment on amount, date and reference agreement"
334181787242,amber,scored,1.000,172550296373,USD_2022-09-10_ACC#00001_66912     0670806708184547614476HUBBA32         MORIBUND ROTENONES S SMILAX   BOLL      00184547614476HUBBA32         MORIBUND ZYGNEMA SK HYRACIFORM,"best global assignment on amount, date and reference agreement"
819931956756,amber,scored,1.000,647241732718,USD_2022-08-21_ACC#00001_66912     0779507795 SMILAX   WAP,"best global assignment on amount, date and reference agreement"
168291021299,amber,scored,1.000,338354975737,USD_2022-09-10_ACC#00001_66912     0122001220184005912660AUG6579         MORIBUND VEXES WHUFF SMILAX   BOLL      00184005912660AUG6579         MORIBUND VEXES S FOMALHAUT,"best global assignment on amount, date and reference agreement"
17664365768,amber,scored,1.000,871274902021,USD_2022-09-10_ACC#00001_66912     0976909769189428619262UNDOG35         MORIBUND ROTENONES S SMILAX   BOLL      00189428619262UNDOG35         MORIBUND ZYGNEMA SK HYRACIFORM,"best global assignment on amount, date and reference agreement"
79364511137,amber,scored,1.000,161885094424,USD_2022-09-10_ACC#00001_66912     0147701477189967141477BRAVI49         IF TMH SEE FAMES SMILAX   BOLL      00189967141477BRAVI49         IF TMH SEE FAMES,"best global assignment on amount, date and reference agreement"
251197013454,amber,scored,1.000,42290463760,USD_2022-09-10_ACC#00001_66912     0141601416115825241416RIGHT00         OFF TMH TIRO FAMES SMILAX   BOLL      00115825241416RIGHT00         OFF TMH TIRO HAU BT,"best global assignment on amount, date and reference agreement"
693694719428,amber,scored,1.000,213056941118,USD_2022-09-10_ACC#00001_66912     0670806708184555614407CHARE55         MORIBUND ROTENONES S SMILAX   BOLL      00184555614407CHARE55         MORIBUND ZYGNEMA SK HYRACIFORM,"best global assignment on amount, date and reference agreement"
517365617261,amber,scored,1.000,668664598258,USD_2022-09-10_ACC#00001_66912     0179001790189842514289HUBBA99         MORIBUND ROTENONES S SMILAX   BOLL      00189842514289HUBBA99         MORIBUND ZYGNEMA SK HYRACIFORM,"best global assignment on amount, date and reference agreement"
620706700778,amber,scored,1.000,687761735152,USD_2022-09-10_ACC#00001_66912     0670806708184559114407CRIB367         MORIBUND VEXES WHUFF SMILAX   BOLL      00184559114407CRIB367         MORIBUND VEXES S FOMALHAUT,"best global assignment on amount, date and reference agreement"
575126616894,amber,scored,1.000,425922188231,USD_2022-09-10_ACC#00001_66912     66325663250 32566D5RRN 088            JOQVY - ELUVIA - SMILAX   GFG       VC0 32566D5RRN 088            JOQVY - ELUVIA -,"best global assignment on amount, date and reference agreement"
917555093387,amber,scored,1.000,857883121583,USD_2022-09-10_ACC#00001_66912     0179001790184476014289AUG0606         MORIBUND VEXES WHUFF SMILAX   BOLL      00184476014289AUG0606         MORIBUND VEXES S FOMALHAUT,"best global assignment on amount, date and reference agreement"
891621723165,amber,scored,1.000,42421177252,USD_2022-09-10_ACC#00001_66912     66325663250 32566D5RD6 088            JOQVY - ELUVIA - SMILAX   GFG       VC0 32566D5RD6 088            JOQVY - ELUVIA -,"best global assignment on amount, date and reference agreement"
791778644499,amber,scored,1.000,324752829136,USD_2022-09-10_ACC#00001_66912     0147701477185915841477BRAVI49         OFF TMH TIRO FAMES SMILAX   BOLL      00185915841477BRAVI49         OFF TMH TIRO HAU BT,"best global assignment on amount, date and reference agreement"
938110652465,amber,scored,1.000,207069644645,USD_2022-09-10_ACC#00001_66912     0670806708184542614476CHARE58         MORIBUND ROTENONES S SMILAX   BOLL      00184542614476CHARE58         MORIBUND ZYGNEMA SK HYRACIFORM,"best global assignment on amount, date and reference agreement"
103701865419,amber,scored,1.000,798988628675,USD_2022-09-10_ACC#00001_66912     0670806708184544314476CHARE58         MORIBUND ROTENONES S SMILAX   BOLL      00184544314476CHARE58         MORIBUND ZYGNEMA SK HYRACIFORM,"best global assignment on amount, date and reference agreement"
947388634566,amber,scored,1.000,999509833326,USD_2022-09-10_ACC#00001_66912     66325663250 32566D5TR4 088            JOQVY - ELUVIA - SMILAX   GFG       VC0 32566D5TR4 088            JOQVY - ELUVIA -,"best global assignment on amount, date and reference agreement"
480540343085,amber,scored,1.000,928957807401,USD_2022-09-10_ACC#00001_66912     0256602566 SMILAX   FGGKR                                                                     666666666666666,"best global assignment on amount, date and reference agreement"
355985384065,amber,scored,1.000,66210458158,USD_2022-09-10_ACC#00001_66912     0147701477189967241477ELEGY48         IF TMH SEE FAMES SMILAX   BOLL      00189967241477ELEGY48         IF TMH SEE FAMES,"best global assignment on amount, date and reference agreement"
148603720289,amber,scored,1.000,348536389209,USD_2022-09-10_ACC#00001_66912     0147701477189961141477DOYST31         IF TMH SEE FAMES SMILAX   BOLL      00189961141477DOYST31         IF TMH SEE FAMES,"best global assignment on amount, date and reference agreement"
105921272200,amber,scored,1.000,158322874239,USD_2022-09-10_ACC#00001_66912     0614606146189647110007CHARE90         MORIBUND VEXES WHUFF SMILAX   BOLL      00189647110007CHARE90         MORIBUND VEXES S FOMALHAUT,"best global assignment on amount, date and reference agreement"
121748899216,amber,scored,1.000,690608500961,USD_2022-09-10_ACC#00001_66912     0603606036189963867888NACHE73         IF TMH TIRO FAMES SMILAX   BOLL      00189963867888NACHE73         IF TMH TIRO EMEU S,"best global assignment on amount, date and reference agreement"
644783922651,amber,scored,0.950,403376310861,USD_2022-09-09_ACC#00001_66912     0122001220184005912660AUG6579         MORIBUND VEXES WHUFF SMILAX   BOLL      00184005912660AUG6579         MORIBUND VEXES S FOMALHAUT,"best global assignment on amount, date and reference agreement"
483576893512,amber,scored,1.000,155712640467,USD_2022-09-10_ACC#00001_66912     0147701477189874841477DOYST43         OFF TMH TIRO FAMES SMILAX   BOLL      00189874841477DOYST43         OFF TMH TIRO HAU BT,"best global assignment on amount, date and reference agreement"
14468392845,amber,scored,1.000,356571656091,USD_2022-09-10_ACC#00001_66912     0147701477185986441477DOYST43         OFF TMH TIRO FAMES SMILAX   BOLL      00185986441477DOYST43         OFF TMH TIRO HAU BT,"best global assignment on amount, date and reference agreement"
608468484350,amber,scored,1.000,488219816133,USD_2022-09-10_ACC#00001_66912     0256602566 SMILAX   FGGKR,"best global assignment on amount, date and reference agreement"
367279846111,amber,scored,1.000,701052539009,USD_2022-09-10_ACC#00001_66912     0256602566 SMILAX   FGGKR,"best global assignment on amount, date and reference agreement"
774339210120,amber,scored,1.000,490831731268,USD_2022-09-10_ACC#00001_66912     0122001220182283512660UNDOG14         MORIBUND VEXES WHUFF SMILAX   BOLL      00182283512660UNDOG14         MORIBUND VEXES S FOMALHAUT,"best global assignment on amount, date and reference agreement"
476908170683,amber,scored,1.000,423670263732,USD_2022-09-10_ACC#00001_66912     6682866828SHAMESICK FROM JAUN UNFED   JOQ ANNAT CITE SMILAX   FGGQQ     PHOTOACTIVE FROM JAUN UNFED   JOQ ANNAT CITE                 029666663166666666,"best global assignment on amount, date and reference agreement"
853952258520,amber,scored,1.000,126809551366,USD_2022-09-10_ACC#00001_66912     66325663250 32566D5W6P 088            JOQVY - ELUVIA - SMILAX   GFG       VC0 32566D5W6P 088            JOQVY - ELUVIA -,"best global assignment on amount, date and reference agreement"
295673001266,amber,scored,1.000,240870995776,USD_2022-09-10_ACC#00001_66912     0614606146189647110007CHARE90         MORIBUND VEXES WHUFF SMILAX   BOLL      00189647110007CHARE90         MORIBUND VEXES S FOMALHAUT,"best global assignment on amount, date and reference agreement"
998785897188,amber,scored,1.000,187578906207,USD_2022-09-10_ACC#00001_66912     66325663250 32566D5RD0 088            JOQVY - ELUVIA - SMILAX   GFG       VC0 32566D5RD0 088            JOQVY - ELUVIA -,"best global assignment on amount, date and reference agreement"
721293109850,amber,scored,1.000,746058182574,USD_2022-09-10_ACC#00001_66912     0676506765185363215574DOYST31         MORIBUND ROTENONES S SMILAX   BOLL      00185363215574DOYST31         MORIBUND ZYGNEMA SK HYRACIFORM,"best global assignment on amount, date and reference agreement"
99263377214,amber,scored,1.000,944203177199,USD_2022-09-10_ACC#00001_66912     0670806708182183014471MOVE685         MORIBUND VEXES WHUFF SMILAX   BOLL      00182183014471MOVE685         MORIBUND VEXES S FOMALHAUT,"best global assignment on amount, date and reference agreement"
284461860633,amber,scored,1.000,854772252955,USD_2022-09-10_ACC#00001_66912     09999099990666H3         6666666666 SMILAX   FGGKR     FW0666H3         6666666666,"best global assignment on amount, date and reference agreement"
936166573571,amber,scored,1.000,615217990411,USD_2022-09-10_ACC#00001_66912     66325663250 32566D5RPK 088            JOQVY - ELUVIA - SMILAX   GFG       VC0 32566D5RPK 088            JOQVY - ELUVIA -,"best global assignment on amount, date and reference agreement"
821881379235,amber,scored,1.000,951396720671,USD_2022-09-10_ACC#00001_66912     0670806708184533714476CHARE58         MORIBUND ROTENONES S SMILAX   BOLL      00184533714476CHARE58         MORIBUND ZYGNEMA SK HYRACIFORM,"best global assignment on amount, date and reference agreement"
188808494097,amber,scored,1.000,20390773020,USD_2022-09-10_ACC#00001_66912     0614606146183351410007DOYST31         MORIBUND ROTENONES S SMILAX   BOLL      00183351410007DOYST31         MORIBUND ZYGNEMA SK HYRACIFORM,"best global assignment on amount, date and reference agreement"
935172314804,amber,scored,1.000,873584979720,USD_2022-09-10_ACC#00001_66912     0670806708182698614407NAUT308         MORIBUND VEXES WHUFF SMILAX   BOLL      00182698614407NAUT308         MORIBUND VEXES S FOMALHAUT,"best global assignment on amount, date and reference agreement"
439848930461,amber,scored,1.000,98393126401,USD_2022-09-10_ACC#00001_66912     0156801568136671717661DOYST31         MORIBUND VEXES WHUFF SMILAX   BOLL      00136671717661DOYST31         MORIBUND VEXES S FOMALHAUT,"best global assignment on amount, date and reference agreement"
367497574515,amber,scored,1.000,164477055865,USD_2022-09-10_ACC#00001_66912     0147701477189967141477BRAVI49         IF TMH SEE FAMES SMILAX   BOLL      00189967141477BRAVI49         IF TMH SEE FAMES,"best global assignment on amount, date and reference agreement"
934938189157,amber,scored,1.000,268575622858,USD_2022-09-10_ACC#00001_66912     0147701477185918941477DOYST55         OFF TMH TIRO FAMES SMILAX   BOLL      00185918941477DOYST55         OFF TMH TIRO HAU BT,"best global assignment on amount, date and reference agreement"
532617195313,amber,scored,1.000,295426255786,USD_2022-09-10_ACC#00001_66912     0147701477185914841477DOYST30         OFF TMH TIRO FAMES SMILAX   BOLL      00185914841477DOYST30         OFF TMH TIRO HAU BT,"best global assignment on amount, date and reference agreement"
686567472535,amber,scored,1.000,5626569118,USD_2022-09-10_ACC#00001_66912     02566025660666H3         6666666666 SMILAX   FGGKR     FW0666H3         6666666666,"best global assignment on amount, date and reference agreement"
55737166001,amber,scored,1.000,170438533782,USD_2022-09-10_ACC#00001_66912     0147701477189961341477DOYST55         IF TMH SEE FAMES SMILAX   BOLL      00189961341477DOYST55         IF TMH SEE FAMES,"best global assignment on amount, date and reference agreement"
748729854494,amber,scored,1.000,94116712312,USD_2022-09-10_ACC#00001_66912     66325663250 32566D5RML 088            JOQVY - ELUVIA - SMILAX   GFG       VC0 32566D5RML 088            JOQVY - ELUVIA -,"best global assignment on amount, date and reference agreement"
950197474956,amber,scored,1.000,422031363541,USD_2022-09-10_ACC#00001_66912     6682866828SHAMESICK FROM JAUN UNFED   JEE - DESINENT SMILAX   FGGQQ     PHOTOACTIVE FROM JAUN UNFED   JEE - DESINENT                 029666036366666666,"best global assignment on amount, date and reference agreement"
23617631103,amber,scored,1.000,417638627572,USD_2022-09-10_ACC#00001_66912     0638106381185174188856EPEE276         MORIBUND ROTENONES S SMILAX   BOLL      00185174188856EPEE276         MORIBUND ZYGNEMA SK HYRACIFORM,"best global assignment on amount, date and reference agreement"
625399061535,amber,scored,1.000,331316807336,USD_2022-09-10_ACC#00001_66912     0147701477185915841477BRAVI49         OFF TMH TIRO FAMES SMILAX   BOLL      00185915841477BRAVI49         OFF TMH TIRO HAU BT,"best global assignment on amount, date and reference agreement"
462787321661,amber,scored,1.000,521601140246,USD_2022-09-10_ACC#00001_66912     0670806708184524914407CHARY60         MORIBUND ROTENONES S SMILAX   BOLL      00184524914407CHARY60         MORIBUND ZYGNEMA SK HYRACIFORM,"best global assignment on amount, date and reference agreement"
729620804452,amber,scored,1.000,764220213648,USD_2022-09-10_ACC#00001_66912     0976909769189428219262UNDOG35         MORIBUND VEXES WHUFF SMILAX   BOLL      00189428219262UNDOG35         MORIBUND VEXES S FOMALHAUT,"best global assignment on amount, date and reference agreement"
331404340819,amber,scored,1.000,783122667876,USD_2022-09-10_ACC#00001_66912     0670806708184540514476TUMOR91         MORIBUND VEXES WHUFF SMILAX   BOLL      00184540514476TUMOR91         MORIBUND VEXES S FOMALHAUT,"best global assignment on amount, date and reference agreement"
53828109352,amber,scored,1.000,939667398686,USD_2022-09-10_ACC#00001_66912     02566025660666H3         6666666666 SMILAX   FGGKR     FW0666H3         6666666666,"best global assignment on amount, date and reference agreement"
646846664273,amber,scored,1.000,808542333096,USD_2022-09-10_ACC#00001_66912     0603606036189964267888HUBBA50         IF TMH SEE FAMES SMILAX   BOLL      00189964267888HUBBA50         IF TMH SEE FAMES,"best global assignment on amount, date and reference agreement"
817573482763,amber,scored,1.000,73576470128,USD_2022-09-10_ACC#00001_66912     66325663250 32566D5RJ0 088            JOQVY - ELUVIA - SMILAX   GFG       VC0 32566D5RJ0 088            JOQVY - ELUVIA -,"best global assignment on amount, date and reference agreement"
311494244310,amber,scored,1.000,339257535697,USD_2022-09-10_ACC#00001_66912     0702807028189061267463COCT061         MORIBUND ROTENONES S SMILAX   BOLL      00189061267463COCT061         MORIBUND ZYGNEMA SK HYRACIFORM,"best global assignment on amount, date and reference agreement"
206176948674,amber,scored,1.000,547742623041,USD_2022-09-10_ACC#00001_VOYAGE 66912     0670806708184947714476RIGHT19         MORIBUND ROTENONES S,"best global assignment on amount, date and reference agreement"
154629985493,amber,scored,1.000,342970179475,USD_2022-09-10_ACC#00001_66912     0147701477185912141477UNDOG51         OFF TMH SEE FAMES SMILAX   BOLL      00185912141477UNDOG51         OFF TMH SEE EMEU S,"best global assignment on amount, date and reference agreement"
633643489887,amber,scored,1.000,135348504967,USD_2022-09-10_ACC#00001_66912     0147701477185912441477MEGGY88         OFF TMH TIRO FAMES SMILAX   BOLL      00185912441477MEGGY88         OFF TMH TIRO HAU BT,"best global assignment on amount, date and reference agreement"
255790997401,amber,scored,1.000,540039356200,USD_2022-09-10_ACC#00001_66912     0147701477189925541477EPEE553         IF TMH TIRO FAMES SMILAX   BOLL      00189925541477EPEE553         IF TMH TIRO EMEU S,"best global assignment on amount, date and reference agreement"
481682016227,amber,scored,1.000,401512283457,USD_2022-09-10_ACC#00001_66912     66325663250 32566D91JG 088            JOQVY - BAS - DG SMILAX   GFG       VC0 32566D91JG 088            JOQVY - BAS - DG,"best global assignment on amount, date and reference agreement"
944928442044,amber,scored,1.000,204491516175,USD_2022-09-10_ACC#00001_66912     0179001790185659814289SKITE65         MORIBUND ROTENONES S SMILAX   BOLL      00185659814289SKITE65         MORIBUND ZYGNEMA SK HYRACIFORM,"best global assignment on amount, date and reference agreement"
348736678823,amber,scored,1.000,709120706202,USD_2022-09-10_ACC#00001_66912     0670806708184603114476CHARE91         MORIBUND ROTENONES S SMILAX   BOLL      00184603114476CHARE91         MORIBUND ZYGNEMA SK HYRACIFORM,"best global assignment on amount, date and reference agreement"
245783445693,amber,scored,1.000,341220900971,USD_2022-09-10_ACC#00001_66912     02566025660666H3         6666666666 SMILAX   FGGKR     FW0666H3         6666666666,"best global assignment on amount, date and reference agreement"
490279806250,amber,scored,1.000,860414037562,USD_2022-09-10_ACC#00001_66912     0603606036185930667888POSSE29         OFF TMH TIRO FAMES SMILAX   BOLL      00185930667888POSSE29         OFF TMH TIRO HAU BT,"best global assignment on amount, date and reference agreement"
89840987595,amber,scored,1.000,821271386597,USD_2022-09-10_ACC#00001_66912     02566025660666H3         6666666666 SMILAX   FGGKR     FW0666H3         6666666666,"best global assignment on amount, date and reference agreement"
280067807179,amber,scored,1.000,28806319144,USD_2022-09-10_ACC#00001_66912     0670806708184552214407CHARE55         MORIBUND ROTENONES S SMILAX   BOLL      00184552214407CHARE55         MORIBUND ZYGNEMA SK HYRACIFORM,"best global assignment on amount, date and reference agreement"
965050801739,amber,scored,1.000,826698115718,USD_2022-09-10_ACC#00001_66912     02566025660666H3         6666666666 SMILAX   FGGKR     FW0666H3         6666666666,"best global assignment on amount, date and reference agreement"
160455971254,amber,scored,1.000,378172012939,USD_2022-09-10_ACC#00001_66912     0670806708182282314474CHARE58         MORIBUND ROTENONES S SMILAX   BOLL      00182282314474CHARE58         MORIBUND ZYGNEMA SK HYRACIFORM,"best global assignment on amount, date and reference agreement"
445109246971,amber,scored,1.000,132598480777,USD_2022-09-10_ACC#00001_66912     0670806708184521714407FALX977         MORIBUND ROTENONES S SMILAX   BOLL      00184521714407FALX977         MORIBUND ZYGNEMA SK HYRACIFORM,"best global assignment on amount, date and reference agreement"
15160966052,amber,scored,1.000,390405438390,USD_2022-09-10_ACC#00001_66912     0670806708184672414476CHARE91         MORIBUND ROTENONES S SMILAX   BOLL      00184672414476CHARE91         MORIBUND ZYGNEMA SK HYRACIFORM,"best global assignment on amount, date and reference agreement"
230264206045,amber,scored,1.000,282930490941,USD_2022-09-10_ACC#00001_66912     0614606146189647110007CHARE90         MORIBUND VEXES WHUFF SMILAX   BOLL      00189647110007CHARE90         MORIBUND VEXES S FOMALHAUT,"best global assignment on amount, date and reference agreement"
446545629316,amber,scored,1.000,979745897156,USD_2022-09-10_ACC#00001_66912     0122001220182187012660TANNA33         MORIBUND VEXES WHUFF SMILAX   BOLL      00182187012660TANNA33         MORIBUND VEXES S FOMALHAUT,"best global assignment on amount, date and reference agreement"
18870294571,amber,scored,1.000,894134134746,USD_2022-09-10_ACC#00001_66912     0670806708185172514476SHOJI46         MORIBUND ROTENONES S SMILAX   BOLL      00185172514476SHOJI46         MORIBUND ZYGNEMA SK HYRACIFORM,"best global assignment on amount, date and reference agreement"
228184356187,amber,scored,1.000,179397916358,USD_2022-09-10_ACC#00001_66912     0670806708184942914476CHARE58         MORIBUND ROTENONES S SMILAX   BOLL      00184942914476CHARE58         MORIBUND ZYGNEMA SK HYRACIFORM,"best global assignment on amount, date and reference agreement"
818503924216,amber,scored,1.000,481427919905,USD_2022-09-10_ACC#00001_66912     0670806708182693514476NAUT308         MORIBUND ROTENONES S SMILAX   BOLL      00182693514476NAUT308         MORIBUND ZYGNEMA SK HYRACIFORM,"best global assignment on amount, date and reference agreement"
123491352342,amber,scored,1.000,751820625395,USD_2022-09-10_ACC#00001_66912     0670806708184770614476CHARE91         MORIBUND ROTENONES S SMILAX   BOLL      00184770614476CHARE91         MORIBUND ZYGNEMA SK HYRACIFORM,"best global assignment on amount, date and reference agreement"
323007561606,amber,scored,1.000,741566977296,USD_2022-09-10_ACC#00001_66912     66325663250 32566D5RAD 088            JOQVY - ELUVIA - SMILAX   GFG       VC0 32566D5RAD 088            JOQVY - ELUVIA -,"best global assignment on amount, date and reference agreement"
68407916119,amber,scored,1.000,302844166609,USD_2022-09-10_ACC#00001_66912     0670806708182609414476CHARE58         MORIBUND ROTENONES S SMILAX   BOLL      00182609414476CHARE58         MORIBUND ZYGNEMA SK HYRACIFORM,"best global assignment on amount, date and reference agreement"
454416364919,amber,scored,1.000,208869966609,USD_2022-09-10_ACC#00001_66912     0122701227184489312607CHARE43         MORIBUND VEXES WHUFF SMILAX   BOLL      00184489312607CHARE43         MORIBUND VEXES S FOMALHAUT,"best global assignment on amount, date and reference agreement"
18060175070,amber,scored,1.000,946627643302,USD_2022-09-10_ACC#00001_66912     0999909999 SMILAX   FGGKR,"best global assignment on amount, date and reference agreement"
775582632088,amber,scored,1.000,485751120665,USD_2022-09-10_ACC#00001_66912     0670806708184524714407SAUM027         MORIBUND VEXES WHUFF SMILAX   BOLL      00184524714407SAUM027         MORIBUND VEXES S FOMALHAUT,"best global assignment on amount, date and reference agreement"
57071517774,amber,scored,1.000,172115392305,USD_2022-09-10_ACC#00001_66912     0670806708182677814476CHARE58         MORIBUND ROTENONES S SMILAX   BOLL      00182677814476CHARE58         MORIBUND ZYGNEMA SK HYRACIFORM,"best global assignment on amount, date and reference agreement"
570826655993,amber,scored,1.000,367434730001,USD_2022-09-10_ACC#00001_66912     66325663250 32566D5RQL 088            JOQVY - BAS - DG SMILAX   GFG       VC0 32566D5RQL 088            JOQVY - BAS - DG,"best global assignment on amount, date and reference agreement"
52135232535,amber,scored,1.000,18799555732,USD_2022-09-10_ACC#00001_66912     0147701477189961341477DOYST55         IF TMH SEE FAMES SMILAX   BOLL      00189961341477DOYST55         IF TMH SEE FAMES,"best global assignment on amount, date and reference agreement"
196674644643,amber,scored,1.000,968694586109,USD_2022-09-10_ACC#00001_66912     02566025660666H3         6666666666 SMILAX   FGGKR     FW0666H3         6666666666,"best global assignment on amount, date and reference agreement"
451003822269,amber,scored,1.000,319164387960,USD_2022-09-09_ACC#00001_66912     0256602566 SMILAX   FGGKR,"best global assignment on amount, date and reference agreement"
636720035425,amber,scored,1.000,383230320813,USD_2022-09-10_ACC#00001_66912     0147701477185918941477DOYST55         OFF TMH TIRO FAMES SMILAX   BOLL      00185918941477DOYST55         OFF TMH TIRO HAU BT,"best global assignment on amount, date and reference agreement"
471220784108,amber,scored,1.000,469135893428,USD_2022-09-10_ACC#00001_66912     66325663250 32566D5RGE 088            JOQVY - ELUVIA - SMILAX   GFG       VC0 32566D5RGE 088            JOQVY - ELUVIA -,"best global assignment on amount, date and reference agreement"
676650193995,amber,scored,1.000,375696023469,USD_2022-09-10_ACC#00001_66912     0147701477189961041477DOYST30         IF TMH SEE FAMES SMILAX   BOLL      00189961041477DOYST30         IF TMH SEE FAMES,"best global assignment on amount, date and reference agreement"
242245156925,amber,scored,1.000,769037824724,USD_2022-09-10_ACC#00001_66912     02566025660666H3         6666666666 SMILAX   FGGKR     FW0666H3         6666666666,"best global assignment on amount, date and reference agreement"
383777140998,amber,scored,1.000,31129664065,USD_2022-09-10_ACC#00001_66912     0122701227185123012607SKITE62         MORIBUND VEXES WHUFF SMILAX   BOLL      00185123012607SKITE62         MORIBUND VEXES S FOMALHAUT,"best global assignment on amount, date and reference agreement"
469635366370,amber,scored,1.000,997501300147,USD_2022-09-10_ACC#00001_66912     02566025660666H3         6666666666 SMILAX   FGGKR     FW0666H3         6666666666,"best global assignment on amount, date and reference agreement"
576856855275,amber,scored,1.000,798896869725,USD_2022-09-10_ACC#00001_66912     0638106381189918288856AUG0676         MORIBUND ROTENONES S SMILAX   BOLL      00189918288856AUG0676         MORIBUND ZYGNEMA SK HYRACIFORM,"best global assignment on amount, date and reference agreement"
150931685931,amber,scored,1.000,394311657690,USD_2022-09-10_ACC#00001_66912     0141601416189532141416MOZO637         IF TMH TIRO FAMES SMILAX   BOLL      00189532141416MOZO637         IF TMH TIRO EMEU S,"best global assignment on amount, date and reference agreement"
443245039705,amber,scored,1.000,514102516771,USD_2022-09-10_ACC#00001_66912     0670806708184551714407LEUD852         MORIBUND ROTENONES S SMILAX   BOLL      00184551714407LEUD852         MORIBUND ZYGNEMA SK HYRACIFORM,"best global assignment on amount, date and reference agreement"
323028919825,amber,scored,1.000,823934587037,USD_2022-09-10_ACC#00001_66912     0670806708184554814407LEUD379         MORIBUND VEXES WHUFF SMILAX   BOLL      00184554814407LEUD379         MORIBUND VEXES S FOMALHAUT,"best global assignment on amount, date and reference agreement"
481773032284,amber,scored,1.000,41710951526,USD_2022-09-10_ACC#00001_66912     0641206412 SMILAX   FGGKR,"best global assignment on amount, date and reference agreement"
227384166856,amber,scored,1.000,46482911816,USD_2022-09-10_ACC#00001_66912     0207602076182716613737KELD614         MORIBUND VEXES WHUFF SMILAX   BOLL      00182716613737KELD614         MORIBUND VEXES S FOMALHAUT,"best global assignment on amount, date and reference agreement"
692956779767,amber,scored,1.000,428924846180,USD_2022-09-10_ACC#00001_66912     0147701477185918941477DOYST55         OFF TMH TIRO FAMES SMILAX   BOLL      00185918941477DOYST55         OFF TMH TIRO HAU BT,"best global assignment on amount, date and reference agreement"
929561993159,amber,scored,1.000,465091388832,USD_2022-09-10_ACC#00001_66912     0676506765185124155570DOYST31         MORIBUND VEXES WHUFF SMILAX   BOLL      00185124155570DOYST31         MORIBUND VEXES S FOMALHAUT,"best global assignment on amount, date and reference agreement"
391619372432,amber,scored,1.000,39295022473,USD_2022-09-10_ACC#00001_66912     0670806708184945114476CHARE58         MORIBUND ROTENONES S SMILAX   BOLL      00184945114476CHARE58         MORIBUND ZYGNEMA SK HYRACIFORM,"best global assignment on amount, date and reference agreement"
654675160515,amber,scored,1.000,342691845609,USD_2022-09-10_ACC#00001_66912     0614606146189647110007CHARE90         MORIBUND VEXES WHUFF SMILAX   BOLL      00189647110007CHARE90         MORIBUND VEXES S FOMALHAUT,"best global assignment on amount, date and reference agreement"
58943292513,amber,scored,1.000,529699335206,USD_2022-09-10_ACC#00001_66912     66325663250 32566D5W9Q 088            JOQVY - ELUVIA - SMILAX   GFG       VC0 32566D5W9Q 088            JOQVY - ELUVIA -,"best global assignment on amount, date and reference agreement"
541862798129,amber,scored,1.000,519371518280,USD_2022-09-10_ACC#00001_66912     0670806708184557014407SCOTE98         MORIBUND ROTENONES S SMILAX   BOLL      00184557014407SCOTE98         MORIBUND ZYGNEMA SK HYRACIFORM,"best global assignment on amount, date and reference agreement"
624204262324,amber,scored,1.000,551097544240,USD_2022-09-10_ACC#00001_66912     0122701227184864412607CHARE91         MORIBUND VEXES WHUFF SMILAX   BOLL      00184864412607CHARE91         MORIBUND VEXES S FOMALHAUT,"best global assignment on amount, date and reference agreement"
616303587782,amber,scored,1.000,496248901289,USD_2022-09-10_ACC#00001_66912     0147701477189961041477DOYST30         IF TMH SEE FAMES SMILAX   BOLL      00189961041477DOYST30         IF TMH SEE FAMES,"best global assignment on amount, date and reference agreement"
473149212174,amber,scored,1.000,323692981640,USD_2022-09-10_ACC#00001_66912     0676506765185827515574DOYST31         MORIBUND VEXES WHUFF SMILAX   BOLL      00185827515574DOYST31         MORIBUND VEXES S FOMALHAUT,"best global assignment on amount, date and reference agreement"
542297068189,amber,scored,1.000,842620647320,USD_2022-09-10_ACC#00001_66912     66325663250 32566D97NO 088            JOQVY - BAS - DG SMILAX   GFG       VC0 32566D97NO 088            JOQVY - BAS - DG,"best global assignment on amount, date and reference agreement"
644497364638,amber,scored,1.000,662318062578,USD_2022-09-10_ACC#00001_66912     0207602076182779813737KELD614         MORIBUND VEXES WHUFF SMILAX   BOLL      00182779813737KELD614         MORIBUND VEXES S FOMALHAUT,"best global assignment on amount, date and reference agreement"
802087801920,amber,scored,1.000,365984193657,USD_2022-09-10_ACC#00001_66912     0614606146189647110007CHARE90         MORIBUND VEXES WHUFF SMILAX   BOLL      00189647110007CHARE90         MORIBUND VEXES S FOMALHAUT,"best global assignment on amount, date and reference agreement"
48630760799,amber,scored,1.000,574681690233,USD_2022-09-10_ACC#00001_66912     0999909999 SMILAX   FGGKR,"best global assignment on amount, date and reference agreement"
721866928448,amber,scored,1.000,698279083607,USD_2022-09-10_ACC#00001_66912     0670806708184553514407GULA623         MORIBUND ROTENONES S SMILAX   BOLL      00184553514407GULA623         MORIBUND ZYGNEMA SK HYRACIFORM,"best global assignment on amount, date and reference agreement"
56501736733,amber,scored,1.000,260132336777,USD_2022-09-10_ACC#00001_66912     0670806708184520914476CHARE53         MORIBUND ROTENONES S SMILAX   BOLL      00184520914476CHARE53         MORIBUND ZYGNEMA SK HYRACIFORM,"best global assignment on amount, date and reference agreement"
644751381141,amber,scored,1.000,256227518726,USD_2022-09-10_ACC#00001_66912     0670806708184949214476BREI006         MORIBUND VEXES WHUFF SMILAX   BOLL      00184949214476BREI006         MORIBUND VEXES S FOMALHAUT,"best global assignment on amount, date and reference agreement"
904512380085,amber,scored,1.000,509315820361,USD_2022-09-10_ACC#00001_66912     0670806708182692614409ATMA306         MORIBUND ROTENONES S SMILAX   BOLL      00182692614409ATMA306         MORIBUND ZYGNEMA SK HYRACIFORM,"best global assignment on amount, date and reference agreement"
91576865870,amber,scored,1.000,329806629807,USD_2022-09-10_ACC#00001_66912     0670806708184553114407NAUT853         MORIBUND VEXES WHUFF SMILAX   BOLL      00184553114407NAUT853         MORIBUND VEXES S FOMALHAUT,"best global assignment on amount, date and reference agreement"
502685194381,amber,scored,1.000,95189205532,USD_2022-09-10_ACC#00001_66912     0670806708184530014476RIGHT87         MORIBUND VEXES WHUFF SMILAX   BOLL      00184530014476RIGHT87         MORIBUND VEXES S FOMALHAUT,"best global assignment on amount, date and reference agreement"
993536792182,amber,scored,1.000,41548738847,USD_2022-09-10_ACC#00001_66912     0147701477185915741477ELEGY48         OFF TMH TIRO FAMES SMILAX   BOLL      00185915741477ELEGY48         OFF TMH TIRO HAU BT,"best global assignment on amount, date and reference agreement"
543288872369,amber,scored,1.000,519370011431,USD_2022-09-10_ACC#00001_66912     0670806708184532614476CHARE58         MORIBUND ROTENONES S SMILAX   BOLL      00184532614476CHARE58         MORIBUND ZYGNEMA SK HYRACIFORM,"best global assignment on amount, date and reference agreement"
585817629381,amber,scored,1.000,480037992888,USD_2022-09-10_ACC#00001_66912     66325663250 32566D5W9V 088            JOQVY - ELUVIA - SMILAX   GFG       VC0 32566D5W9V 088            JOQVY - ELUVIA -,"best global assignment on amount, date and reference agreement"
312688584199,amber,scored,1.000,984779245293,USD_2022-09-10_ACC#00001_66912     0638106381180535688856CHARE34         MORIBUND VEXES WHUFF SMILAX   BOLL      00180535688856CHARE34         MORIBUND VEXES S FOMALHAUT,"best global assignment on amount, date and reference agreement"
700796599689,amber,scored,1.000,476240588898,USD_2022-09-10_ACC#00001_66912     0670806708184523414407COCT382         MORIBUND ROTENONES S SMILAX   BOLL      00184523414407COCT382         MORIBUND ZYGNEMA SK HYRACIFORM,"best global assignment on amount, date and reference agreement"
199991463784,amber,scored,1.000,191428276798,USD_2022-09-10_ACC#00001_66912     0141601416115847941416SCOOP39         OFF TMH SEE FAMES SMILAX   BOLL      00115847941416SCOOP39         OFF TMH SEE EMEU S,"best global assignment on amount, date and reference agreement"
827325895186,amber,scored,1.000,990153843454,USD_2022-09-10_ACC#00001_66912     0670806708184927414407ATMA836         MORIBUND VEXES WHUFF SMILAX   BOLL      00184927414407ATMA836         MORIBUND VEXES S FOMALHAUT,"best global assignment on amount, date and reference agreement"
955383399829,amber,scored,1.000,948117729594,USD_2022-09-10_ACC#00001_66912     0147701477185912441477MEGGY88         OFF TMH TIRO FAMES SMILAX   BOLL      00185912441477MEGGY88         OFF TMH TIRO HAU BT,"best global assignment on amount, date and reference agreement"
416002773469,amber,scored,1.000,498387740200,USD_2022-09-10_ACC#00001_66912     0147701477185918941477DOYST55         OFF TMH TIRO FAMES SMILAX   BOLL      00185918941477DOYST55         OFF TMH TIRO HAU BT,"best global assignment on amount, date and reference agreement"
266771130897,amber,scored,1.000,333788695610,USD_2022-09-10_ACC#00001_66912     0122701227182484912607SKITE62         MORIBUND ROTENONES S SMILAX   BOLL      00182484912607SKITE62         MORIBUND ZYGNEMA SK HYRACIFORM,"best global assignment on amount, date and reference agreement"
470314339345,amber,scored,1.000,202009187382,USD_2022-09-10_ACC#00001_66912     0147701477185919341477EPEE553         OFF TMH TIRO FAMES SMILAX   BOLL      00185919341477EPEE553         OFF TMH TIRO HAU BT,"best global assignment on amount, date and reference agreement"
389256874702,amber,scored,1.000,266518943542,USD_2022-09-10_ACC#00001_66912     0122701227181547312667CHARE22         MORIBUND VEXES WHUFF SMILAX   BOLL      00181547312667CHARE22         MORIBUND VEXES S FOMALHAUT,"best global assignment on amount, date and reference agreement"
585617443287,amber,scored,1.000,400012115465,USD_2022-09-10_ACC#00001_66912     0614606146189647110007CHARE90         MORIBUND VEXES WHUFF SMILAX   BOLL      00189647110007CHARE90         MORIBUND VEXES S FOMALHAUT,"best global assignment on amount, date and reference agreement"
277341001848,amber,scored,1.000,369585221533,USD_2022-09-10_ACC#00001_66912     0141601416115842141416TAXIS23         OFF TMH TIRO FAMES SMILAX   BOLL      00115842141416TAXIS23         OFF TMH TIRO HAU BT,"best global assignment on amount, date and reference agreement"
874762806724,amber,scored,1.000,638242495453,USD_2022-09-10_ACC#00001_66912     0147701477189961141477DOYST31         IF TMH SEE FAMES SMILAX   BOLL      00189961141477DOYST31         IF TMH SEE FAMES,"best global assignment on amount, date and reference agreement"
815431068206,amber,scored,1.000,744271406997,USD_2022-09-10_ACC#00001_66912     0256602566 SMILAX   FGGKR,"best global assignment on amount, date and reference agreement"
614769144590,amber,scored,0.950,310794698309,USD_2022-09-09_ACC#00001_66912     66325663250 32566D5GAO 088            JOQVY DE - BAS - SMILAX   GFG       VC0 32566D5GAO 088            JOQVY DE - BAS -,"best global assignment on amount, date and reference agreement"
569021667886,amber,scored,1.000,223291757921,USD_2022-09-10_ACC#00001_66912     0156801568185590417661DOYST31         MORIBUND ROTENONES S SMILAX   BOLL      00185590417661DOYST31         MORIBUND ZYGNEMA SK HYRACIFORM,"best global assignment on amount, date and reference agreement"
915142327109,amber,scored,1.000,448594126936,USD_2022-09-10_ACC#00001_66912     0207602076182779513737KELD614         MORIBUND VEXES WHUFF SMILAX   BOLL      00182779513737KELD614         MORIBUND VEXES S FOMALHAUT,"best global assignment on amount, date and reference agreement"
761694268722,amber,scored,1.000,720733777069,USD_2022-09-10_ACC#00001_66912     0670806708182778714476HUBBA89         MORIBUND VEXES WHUFF SMILAX   BOLL      00182778714476HUBBA89         MORIBUND VEXES S FOMALHAUT,"best global assignment on amount, date and reference agreement"
175320917409,amber,scored,1.000,106143657982,USD_2022-09-09_ACC#00001_66912     0250702507187542 67666                SEMSEM ODONTOLOGY AZ SMILAX   BOLL      RM187542 67666                SEMSEM STOPHOUND T HYRACIFORM,"best global assignment on amount, date and reference agreement"
146906364460,amber,scored,1.000,406771121037,USD_2022-09-10_ACC#00001_66912     0147701477185986441477DOYST43         OFF TMH TIRO FAMES SMILAX   BOLL      00185986441477DOYST43         OFF TMH TIRO HAU BT,"best global assignment on amount, date and reference agreement"
661491247409,amber,scored,1.000,17667475573,USD_2022-09-10_ACC#00001_66912     0147701477185980641477UNDOG21         OFF TMH TIRO FAMES SMILAX   BOLL      00185980641477UNDOG21         OFF TMH TIRO HAU BT,"best global assignment on amount, date and reference agreement"
803753446769,amber,scored,1.000,24205979488,USD_2022-09-10_ACC#00001_66912     0147701477189968241477EPEE553         IF TMH SEE FAMES SMILAX   BOLL      00189968241477EPEE553         IF TMH SEE FAMES,"best global assignment on amount, date and reference agreement"
594849412684,amber,scored,1.000,75689424567,USD_2022-09-10_ACC#00001_66912     0122701227183643512607CHARE51         MORIBUND VEXES WHUFF SMILAX   BOLL      00183643512607CHARE51         MORIBUND VEXES S FOMALHAUT,"best global assignment on amount, date and reference agreement"
523525476642,amber,scored,1.000,49880852476,USD_2022-09-10_ACC#00001_66912     0670806708182694714409NAUT048         MORIBUND VEXES WHUFF SMILAX   BOLL      00182694714409NAUT048         MORIBUND VEXES S FOMALHAUT,"best global assignment on amount, date and reference agreement"
659544492709,amber,scored,1.000,410599357656,USD_2022-09-10_ACC#00001_66912     0614606146189647110007CHARE90         MORIBUND VEXES WHUFF SMILAX   BOLL      00189647110007CHARE90         MORIBUND VEXES S FOMALHAUT,"best global assignment on amount, date and reference agreement"
816953418549,amber,scored,1.000,389857003303,USD_2022-09-10_ACC#00001_66912     0676506765185367655570EPEE553         MORIBUND VEXES WHUFF SMILAX   BOLL      00185367655570EPEE553         MORIBUND VEXES S FOMALHAUT,"best global assignment on amount, date and reference agreement"
928310569404,amber,scored,1.000,972081570087,USD_2022-09-10_ACC#00001_66912     0256602566 SMILAX   FGGKR,"best global assignment on amount, date and reference agreement"
401242061784,amber,scored,1.000,153924931192,USD_2022-09-10_ACC#00001_66912     0670806708184552314407SNORK73         MORIBUND ROTENONES S SMILAX   BOLL      00184552314407SNORK73         MORIBUND ZYGNEMA SK HYRACIFORM,"best global assignment on amount, date and reference agreement"
570011186703,amber,scored,1.000,277555523343,USD_2022-09-10_ACC#00001_66912     0147701477189967141477BRAVI49         IF TMH SEE FAMES SMILAX   BOLL      00189967141477BRAVI49         IF TMH SEE FAMES,"best global assignment on amount, date and reference agreement"
398787335974,amber,scored,1.000,365873572464,USD_2022-09-10_ACC#00001_66912     0147701477185915841477BRAVI49         OFF TMH TIRO FAMES SMILAX   BOLL      00185915841477BRAVI49         OFF TMH TIRO HAU BT,"best global assignment on amount, date and reference agreement"
170225396406,amber,scored,1.000,608800608733,USD_2022-09-10_ACC#00001_66912     66325663250 32566D5W9X 088            JOQVY - ELUVIA - SMILAX   GFG       VC0 32566D5W9X 088            JOQVY - ELUVIA -,"best global assignment on amount, date and reference agreement"
982077953660,amber,scored,1.000,376742299466,USD_2022-09-10_ACC#00001_66912     0670806708182694614476CHARE83         MORIBUND ROTENONES S SMILAX   BOLL      00182694614476CHARE83         MORIBUND ZYGNEMA SK HYRACIFORM,"best global assignment on amount, date and reference agreement"
598336157985,amber,scored,1.000,455623208242,USD_2022-09-10_ACC#00001_66912     0179001790185659014289SKITE65         MORIBUND VEXES WHUFF SMILAX   BOLL      00185659014289SKITE65         MORIBUND VEXES S FOMALHAUT,"best global assignment on amount, date and reference agreement"
212498089068,amber,scored,1.000,545142039002,USD_2022-09-10_ACC#00001_66912     0670806708182183114471BREI169         MORIBUND VEXES WHUFF SMILAX   BOLL      00182183114471BREI169         MORIBUND VEXES S FOMALHAUT,"best global assignment on amount, date and reference agreement"
916487971970,amber,scored,1.000,86121587303,USD_2022-09-10_ACC#00001_66912     0147701477185986441477DOYST43         OFF TMH TIRO FAMES SMILAX   BOLL      00185986441477DOYST43         OFF TMH TIRO HAU BT,"best global assignment on amount, date and reference agreement"
874825649740,amber,scored,1.000,14080629728,USD_2022-09-10_ACC#00001_66912     66325663250 32566D97JD 088            JOQVY - BAS - DG SMILAX   GFG       VC0 32566D97JD 088            JOQVY - BAS - DG,"best global assignment on amount, date and reference agreement"
26620407337,amber,scored,1.000,334011810209,USD_2022-09-10_ACC#00001_VOYAGE 66912     0670806708184937414476HUBBA30         MORIBUND VEXES WHUFF,"best global assignment on amount, date and reference agreement"
714685414924,amber,scored,1.000,519184352098,USD_2022-09-10_ACC#00001_66912     66325663250 32566D91KJ 088            JOQVY - BAS - DG SMILAX   GFG       VC0 32566D91KJ 088            JOQVY - BAS - DG,"best global assignment on amount, date and reference agreement"
942042379648,amber,scored,1.000,430157044677,USD_2022-09-10_ACC#00001_66912     0614606146189647110007CHARE90         MORIBUND VEXES WHUFF SMILAX   BOLL      00189647110007CHARE90         MORIBUND VEXES S FOMALHAUT,"best global assignment on amount, date and reference agreement"
766687359862,amber,scored,1.000,653513297746,USD_2022-09-10_ACC#00001_66912     0670806708184538414476CUMYL34         MORIBUND ROTENONES S SMILAX   BOLL      00184538414476CUMYL34         MORIBUND ZYGNEMA SK HYRACIFORM,"best global assignment on amount, date and reference agreement"
52193680222,amber,scored,1.000,746183701892,USD_2022-09-10_ACC#00001_66912     0670806708184537814476DODOS63         MORIBUND ROTENONES S SMILAX   BOLL      00184537814476DODOS63         MORIBUND ZYGNEMA SK HYRACIFORM,"best global assignment on amount, date and reference agreement"
113662031284,amber,scored,1.000,791627987698,USD_2022-09-10_ACC#00001_66912     0147701477187493041477SHOWD61         OFF TMH TIRO FAMES SMILAX   BOLL      00187493041477SHOWD61         OFF TMH TIRO HAU BT,"best global assignment on amount, date and reference agreement"
394781740736,amber,scored,1.000,311595835687,USD_2022-09-10_ACC#00001_66912     0670806708184554714407SAUM240         MORIBUND VEXES WHUFF SMILAX   BOLL      00184554714407SAUM240         MORIBUND VEXES S FOMALHAUT,"best global assignment on amount, date and reference agreement"
363455589811,amber,scored,1.000,885095509773,USD_2022-09-10_ACC#00001_66912     0147701477189967341477UNDOG51         IF TMH TIRO FAMES SMILAX   BOLL      00189967341477UNDOG51         IF TMH TIRO EMEU S,"best global assignment on amount, date and reference agreement"
115260909311,amber,scored,1.000,527756335874,USD_2022-09-10_ACC#00001_66912     0606206062185703567600FALX817         MORIBUND VEXES WHUFF SMILAX   BOLL      00185703567600FALX817         MORIBUND VEXES S FOMALHAUT,"best global assignment on amount, date and reference agreement"
118431554577,amber,scored,1.000,31057109330,USD_2022-09-10_ACC#00001_66912     0147701477189961341477DOYST55         IF TMH SEE FAMES SMILAX   BOLL      00189961341477DOYST55         IF TMH SEE FAMES,"best global assignment on amount, date and reference agreement"
674318264978,amber,scored,1.000,321639418991,USD_2022-09-10_ACC#00001_66912     0976909769185678719262CHARE58         MORIBUND VEXES WHUFF SMILAX   BOLL      00185678719262CHARE58         MORIBUND VEXES S FOMALHAUT,"best global assignment on amount, date and reference agreement"
684033294137,amber,scored,1.000,541350011848,USD_2022-09-10_ACC#00001_66912     0670806708184529014407CHARE55         MORIBUND ROTENONES S SMILAX   BOLL      00184529014407CHARE55         MORIBUND ZYGNEMA SK HYRACIFORM,"best global assignment on amount, date and reference agreement"
835848681657,amber,scored,1.000,477970939002,USD_2022-09-10_ACC#00001_66912     0614606146189647110007CHARE90         MORIBUND VEXES WHUFF SMILAX   BOLL      00189647110007CHARE90         MORIBUND VEXES S FOMALHAUT,"best global assignment on amount, date and reference agreement"
512592618297,amber,scored,1.000,217850746835,USD_2022-09-10_ACC#00001_66912     0250702507188666 67666                IPL ODONTOLOGY WHUFF SMILAX   BOLL      FT188666 67666                IPL ODONTOLOGY S FOMALHAUT,"best global assignment on amount, date and reference agreement"
627272685749,amber,scored,1.000,993572396968,USD_2022-09-10_ACC#00001_66912     66325663250 32566D5TN4 088            JOQVY - ELUVIA - SMILAX   GFG       VC0 32566D5TN4 088            JOQVY - ELUVIA -,"best global assignment on amount, date and reference agreement"
317771215324,amber,scored,1.000,776292290566,USD_2022-09-10_ACC#00001_66912     0670806708184539914476AMAL667         MORIBUND VEXES WHUFF SMILAX   BOLL      00184539914476AMAL667         MORIBUND VEXES S FOMALHAUT,"best global assignment on amount, date and reference agreement"
706660471268,amber,scored,1.000,13861195148,USD_2022-09-10_ACC#00001_66912     0122701227183971012607CHARE91         MORIBUND ROTENONES S SMILAX   BOLL      00183971012607CHARE91         MORIBUND ZYGNEMA SK HYRACIFORM,"best global assignment on amount, date and reference agreement"
144082587771,amber,scored,1.000,811756270312,USD_2022-09-10_ACC#00001_66912     66325663250 32566D5TIU 088            JOQ TREPIDATORY SMILAX   GFG       VC0 32566D5TIU 088            JOQ TREPIDATORY,"best global assignment on amount, date and reference agreement"
470926917228,amber,scored,1.000,965731328341,USD_2022-09-10_ACC#00001_66912     0141601416136048041416DOYST31         OFF TMH TIRO FAMES SMILAX   BOLL      00136048041416DOYST31         OFF TMH TIRO HAU BT,"best global assignment on amount, date and reference agreement"
394195836986,amber,scored,1.000,348208883690,USD_2022-09-10_ACC#00001_66912     0147701477189967141477BRAVI49         IF TMH SEE FAMES SMILAX   BOLL      00189967141477BRAVI49         IF TMH SEE FAMES,"best global assignment on amount, date and reference agreement"
63493380274,amber,scored,1.000,161870311243,USD_2022-09-10_ACC#00001_66912     0670806708184559314407AMAGA05         MORIBUND ROTENONES S SMILAX   BOLL      00184559314407AMAGA05         MORIBUND ZYGNEMA SK HYRACIFORM,"best global assignment on amount, date and reference agreement"
262793794929,amber,scored,1.000,663905142714,USD_2022-09-10_ACC#00001_66912     0256602566 SMILAX   FGGKR,"best global assignment on amount, date and reference agreement"
323745946270,amber,scored,1.000,226706602180,USD_2022-09-10_ACC#00001_66912     66325663250 32566D5RIA 088            JOQVY DE-BAS - T SMILAX   GFG       VC0 32566D5RIA 088            JOQVY DE-BAS - T,"best global assignment on amount, date and reference agreement"
540698384181,amber,scored,1.000,269633511970,USD_2022-09-10_ACC#00001_66912     0670806708184558014407AMAL613         MORIBUND ROTENONES S SMILAX   BOLL      00184558014407AMAL613         MORIBUND ZYGNEMA SK HYRACIFORM,"best global assignment on amount, date and reference agreement"
795933108285,amber,scored,1.000,553201062870,USD_2022-09-10_ACC#00001_66912     0676506765185363555570DOYST31         MORIBUND ROTENONES S SMILAX   BOLL      00185363555570DOYST31         MORIBUND ZYGNEMA SK HYRACIFORM,"best global assignment on amount, date and reference agreement"
952978287318,amber,scored,1.000,513924435732,USD_2022-09-10_ACC#00001_66912     0147701477185980141477DOYST31         OFF TMH TIRO FAMES SMILAX   BOLL      00185980141477DOYST31         OFF TMH TIRO HAU BT,"best global assignment on amount, date and reference agreement"
238218193870,amber,scored,1.000,144696257767,USD_2022-09-10_ACC#00001_66912     0278702787 SMILAX   FGGKR,"best global assignment on amount, date and reference agreement"
576844361968,amber,scored,1.000,42365411308,USD_2022-09-10_ACC#00001_66912     66325663250 32566D5RD3 088            JOQVY - ELUVIA - SMILAX   GFG       VC0 32566D5RD3 088            JOQVY - ELUVIA -,"best global assignment on amount, date and reference agreement"
491877022558,amber,scored,1.000,943135220725,USD_2022-08-21_ACC#00001_66912     0779507795 SMILAX   WAP,"best global assignment on amount, date and reference agreement"
739717556050,amber,scored,1.000,102190581023,USD_2022-09-10_ACC#00001_66912     0141601416136736441416EPEE553         OFF TMH TIRO FAMES SMILAX   BOLL      00136736441416EPEE553         OFF TMH TIRO HAU BT,"best global assignment on amount, date and reference agreement"
456658401648,amber,scored,1.000,535578383830,USD_2022-09-10_ACC#00001_66912     0638106381182966388856SWEAT79         MORIBUND VEXES WHUFF SMILAX   BOLL      00182966388856SWEAT79         MORIBUND VEXES S FOMALHAUT,"best global assignment on amount, date and reference agreement"
865679916936,amber,scored,1.000,236634984904,USD_2022-09-10_ACC#00001_66912     0670806708182693714476NAUT308         MORIBUND VEXES WHUFF SMILAX   BOLL      00182693714476NAUT308         MORIBUND VEXES S FOMALHAUT,"best global assignment on amount, date and reference agreement"
317420403583,amber,scored,1.000,792888336504,USD_2022-09-10_ACC#00001_66912     0670806708182698814407CUTIN16         MORIBUND VEXES WHUFF SMILAX   BOLL      00182698814407CUTIN16         MORIBUND VEXES S FOMALHAUT,"best global assignment on amount, date and reference agreement"
639148793108,amber,scored,1.000,480313314077,USD_2022-09-10_ACC#00001_66912     0147701477189968141477DOYST43         IF TMH SEE FAMES SMILAX   BOLL      00189968141477DOYST43         IF TMH SEE FAMES,"best global assignment on amount, date and reference agreement"
770059259591,amber,scored,1.000,463494321246,USD_2022-09-10_ACC#00001_66912     0122701227182436112607SKITE64         MORIBUND ROTENONES S SMILAX   BOLL      00182436112607SKITE64         MORIBUND ZYGNEMA SK HYRACIFORM,"best global assignment on amount, date and reference agreement"
177253874733,amber,scored,1.000,565794485092,USD_2022-09-10_ACC#00001_66912     0147701477185914841477DOYST30         OFF TMH TIRO FAMES SMILAX   BOLL      00185914841477DOYST30         OFF TMH TIRO HAU BT,"best global assignment on amount, date and reference agreement"
798052709427,amber,scored,1.000,620729625993,USD_2022-09-10_ACC#00001_66912     0147701477185915841477BRAVI49         OFF TMH TIRO FAMES SMILAX   BOLL      00185915841477BRAVI49         OFF TMH TIRO HAU BT,"best global assignment on amount, date and reference agreement"
665034620823,amber,scored,1.000,405924616540,USD_2022-09-10_ACC#00001_66912     0603606036185982967888VELIC90         OFF TMH TIRO FAMES SMILAX   BOLL      00185982967888VELIC90         OFF TMH TIRO HAU BT,"best global assignment on amount, date and reference agreement"
973439534317,amber,scored,1.000,174529701019,USD_2022-08-21_ACC#00001_66912     0779507795 SMILAX   WAP,"best global assignment on amount, date and reference agreement"
999889220393,amber,scored,1.000,671594451646,USD_2022-09-10_ACC#00001_66912     0141601416115401941416EPEE556         OFF TMH SEE FAMES SMILAX   BOLL      00115401941416EPEE556         OFF TMH SEE EMEU S,"best global assignment on amount, date and reference agreement"
423410166504,amber,scored,1.000,218649323030,USD_2022-09-10_ACC#00001_66912     0614606146189658210007CHARE90         MORIBUND ROTENONES S SMILAX   BOLL      00189658210007CHARE90         MORIBUND ZYGNEMA SK HYRACIFORM,"best global assignment on amount, date and reference agreement"
831927042245,amber,scored,1.000,528315372827,USD_2022-09-10_ACC#00001_66912     0147701477189961141477DOYST31         IF TMH SEE FAMES SMILAX   BOLL      00189961141477DOYST31         IF TMH SEE FAMES,"best global assignment on amount, date and reference agreement"
970904579175,amber,scored,1.000,144515360004,USD_2022-09-10_ACC#00001_66912     66325663250 32566D5I4M 088            JOQVY DE - BAS - SMILAX   GFG       VC0 32566D5I4M 088            JOQVY DE - BAS -,"best global assignment on amount, date and reference agreement"
594213416802,amber,scored,1.000,45842534142,USD_2022-09-10_ACC#00001_66912     02566025660666H3         6666666666 SMILAX   FGGKR     FW0666H3         6666666666,"best global assignment on amount, date and reference agreement"
981847916386,amber,scored,1.000,718009441041,USD_2022-09-10_ACC#00001_66912     0141601416115856741416EPEE258         OFF TMH TIRO FAMES SMILAX   BOLL      00115856741416EPEE258         OFF TMH TIRO HAU BT,"best global assignment on amount, date and reference agreement"
578599572915,amber,scored,1.000,196353774243,USD_2022-09-10_ACC#00001_66912     66325663250 32566D973R 088            JOQVY - BAS - DG SMILAX   GFG       VC0 32566D973R 088            JOQVY - BAS - DG,"best global assignment on amount, date and reference agreement"
753977117434,amber,scored,1.000,886099601491,USD_2022-09-10_ACC#00001_66912     0670806708184532714476RIGHT40         MORIBUND VEXES WHUFF SMILAX   BOLL      00184532714476RIGHT40         MORIBUND VEXES S FOMALHAUT,"best global assignment on amount, date and reference agreement"
823752469550,amber,scored,1.000,609381051810,USD_2022-09-10_ACC#00001_66912     0147701477185914841477DOYST30         OFF TMH TIRO FAMES SMILAX   BOLL      00185914841477DOYST30         OFF TMH TIRO HAU BT,"best global assignment on amount, date and reference agreement"
506707819232,amber,scored,1.000,415432256463,USD_2022-09-10_ACC#00001_66912     0207602076182185413737GULA731         MORIBUND ROTENONES S SMILAX   BOLL      00182185413737GULA731         MORIBUND ZYGNEMA SK HYRACIFORM,"best global assignment on amount, date and reference agreement"
671340294550,amber,scored,1.000,929012288805,USD_2022-09-10_ACC#00001_66912     0147601476189426241476                IF TMH DIP WOLD SMILAX   BOLL      00189426241476                IF TMH DIP WOLD,"best global assignment on amount, date and reference agreement"
797460423824,amber,scored,1.000,58583188861,USD_2022-09-10_ACC#00001_66912     0147701477189961141477DOYST31         IF TMH SEE FAMES SMILAX   BOLL      00189961141477DOYST31         IF TMH SEE FAMES,"best global assignment on amount, date and reference agreement"
753105936860,amber,scored,1.000,314957432742,USD_2022-09-10_ACC#00001_66912     0670806708184558214407CHARE55         MORIBUND ROTENONES S SMILAX   BOLL      00184558214407CHARE55         MORIBUND ZYGNEMA SK HYRACIFORM,"best global assignment on amount, date and reference agreement"
10005445379,amber,scored,1.000,655017178441,USD_2022-09-10_ACC#00001_66912     0147701477185914841477DOYST30         OFF TMH TIRO FAMES SMILAX   BOLL      00185914841477DOYST30         OFF TMH TIRO HAU BT,"best global assignment on amount, date and reference agreement"
696152255918,amber,scored,1.000,708593912022,USD_2022-09-10_ACC#00001_66912     0122701227182428612607SKITE62         MORIBUND VEXES WHUFF SMILAX   BOLL      00182428612607SKITE62         MORIBUND VEXES S FOMALHAUT,"best global assignment on amount, date and reference agreement"
32997547021,amber,scored,1.000,681547061130,USD_2022-09-10_ACC#00001_66912     0122001220136028812660CUCA564         MORIBUND ROTENONES S SMILAX   BOLL      00136028812660CUCA564         MORIBUND ZYGNEMA SK HYRACIFORM,"best global assignment on amount, date and reference agreement"
925271099201,amber,scored,1.000,915696963035,USD_2022-09-10_ACC#00001_66912     0670806708184633914476CHARE91         MORIBUND ROTENONES S SMILAX   BOLL      00184633914476CHARE91         MORIBUND ZYGNEMA SK HYRACIFORM,"best global assignment on amount, date and reference agreement"
529613937971,amber,scored,1.000,396307702138,USD_2022-09-10_ACC#00001_66912     02566025660666H3         6666666666 SMILAX   FGGKR     FW0666H3         6666666666,"best global assignment on amount, date and reference agreement"
885639059851,amber,scored,1.000,352078031252,USD_2022-09-10_ACC#00001_66912     0141601416136746741416EPEE553         OFF TMH TIRO FAMES SMILAX   BOLL      00136746741416EPEE553         OFF TMH TIRO HAU BT,"best global assignment on amount, date and reference agreement"
144807171588,amber,scored,1.000,996206713083,USD_2022-09-10_ACC#00001_66912     0147701477189961941477VINYL32         IF TMH SEE FAMES SMILAX   BOLL      00189961941477VINYL32         IF TMH SEE FAMES,"best global assignment on amount, date and reference agreement"
221840523412,amber,scored,1.000,591780947922,USD_2022-09-10_ACC#00001_66912     6670866708P 7084423098 602            OARS PISTRIX -V&F TO SMILAX   OARS      IGN 7084423098 602            OARS PISTRIX -V& F SHY         F SHY,"best global assignment on amount, date and reference agreement"
994245263520,amber,scored,1.000,816013820025,USD_2022-09-10_ACC#00001_66912     0676506765185858315574DOYST31         MORIBUND VEXES WHUFF SMILAX   BOLL      00185858315574DOYST31         MORIBUND VEXES S FOMALHAUT,"best global assignment on amount, date and reference agreement"
431038254931,amber,scored,1.000,490716023820,USD_2022-09-10_ACC#00001_66912     0670806708184949414476CHARE58         MORIBUND ROTENONES S SMILAX   BOLL      00184949414476CHARE58         MORIBUND ZYGNEMA SK HYRACIFORM,"best global assignment on amount, date and reference agreement"
125197486851,amber,scored,1.000,272496328097,USD_2022-09-10_ACC#00001_66912     0147701477189670141477EPEE553         OFF TMH SEE FAMES SMILAX   BOLL      00189670141477EPEE553         OFF TMH SEE EMEU S,"best global assignment on amount, date and reference agreement"
89620413603,amber,scored,1.000,631258576071,USD_2022-09-10_ACC#00001_66912     6682866828SHAMESICK FROM JAUN UNFED   JOQOEV HUMP FGDK SMILAX   FGGQQ     PHOTOACTIVE FROM JAUN UNFED   JOQOEV HUMP FGDK               029666012966666666,"best global assignment on amount, date and reference agreement"
526765802192,amber,scored,1.000,448653678595,USD_2022-09-10_ACC#00001_66912     0122001220115984912660DOYST14         MORIBUND ROTENONES S SMILAX   BOLL      00115984912660DOYST14         MORIBUND ZYGNEMA SK HYRACIFORM,"best global assignment on amount, date and reference agreement"
449457248050,amber,scored,1.000,612298729667,USD_2022-09-10_ACC#00001_66912     0122701227185659712607KAVI630         MORIBUND ROTENONES S SMILAX   BOLL      00185659712607KAVI630         MORIBUND ZYGNEMA SK HYRACIFORM,"best global assignment on amount, date and reference agreement"
913755842989,amber,scored,1.000,215997918234,USD_2022-09-10_ACC#00001_66912     66325663250 32566D5W6I 088            JOQVY - ELUVIA - SMILAX   GFG       VC0 32566D5W6I 088            JOQVY - ELUVIA -,"best global assignment on amount, date and reference agreement"
424090406369,amber,scored,1.000,440560435588,USD_2022-09-10_ACC#00001_66912     0147601476136786341476EPEE553         OFF TMH TIRO FAMES SMILAX   BOLL      00136786341476EPEE553         OFF TMH TIRO HAU BT,"best global assignment on amount, date and reference agreement"
914816642934,amber,scored,1.000,492694013970,USD_2022-09-10_ACC#00001_66912     0147701477189961341477DOYST55         IF TMH SEE FAMES SMILAX   BOLL      00189961341477DOYST55         IF TMH SEE FAMES,"best global assignment on amount, date and reference agreement"
178930326069,amber,scored,1.000,268364042605,USD_2022-08-21_ACC#00001_66912     0779507795 SMILAX   WAP,"best global assignment on amount, date and reference agreement"
43094266064,amber,scored,1.000,711149994647,USD_2022-09-10_ACC#00001_66912     0147701477185915841477BRAVI49         OFF TMH TIRO FAMES SMILAX   BOLL      00185915841477BRAVI49         OFF TMH TIRO HAU BT,"best global assignment on amount, date and reference agreement"
171352307446,amber,scored,1.000,928087037641,USD_2022-09-10_ACC#00001_66912     0670806708184927014407JAUP267         MORIBUND VEXES WHUFF SMILAX   BOLL      00184927014407JAUP267         MORIBUND VEXES S FOMALHAUT,"best global assignment on amount, date and reference agreement"
46828946387,amber,scored,1.000,305077188587,USD_2022-09-10_ACC#00001_66912     0670806708184547914476RIGHT87         MORIBUND ROTENONES S SMILAX   BOLL      00184547914476RIGHT87         MORIBUND ZYGNEMA SK HYRACIFORM,"best global assignment on amount, date and reference agreement"
343023771416,amber,scored,1.000,60109557374,USD_2022-09-10_ACC#00001_66912     66325663250 32566D5J0B 088            JOQVY - ELUVIA - SMILAX   GFG       VC0 32566D5J0B 088            JOQVY - ELUVIA -,"best global assignment on amount, date and reference agreement"
271979649740,amber,scored,1.000,624238181140,USD_2022-09-10_ACC#00001_66912     0603606036185938667888ROMAN42         OFF TMH TIRO FAMES SMILAX   BOLL      00185938667888ROMAN42         OFF TMH TIRO HAU BT,"best global assignment on amount, date and reference agreement"
417378004014,amber,scored,1.000,60896335248,USD_2022-09-10_ACC#00001_66912     0147701477189961141477DOYST31         IF TMH SEE FAMES SMILAX   BOLL      00189961141477DOYST31         IF TMH SEE FAMES,"best global assignment on amount, date and reference agreement"
720307366831,amber,scored,1.000,493421556169,USD_2022-09-10_ACC#00001_66912     0614606146189647110007CHARE90         MORIBUND VEXES WHUFF SMILAX   BOLL      00189647110007CHARE90         MORIBUND VEXES S FOMALHAUT,"best global assignment on amount, date and reference agreement"
146495902413,amber,scored,1.000,659824747370,USD_2022-09-10_ACC#00001_66912     0147701477185918941477DOYST55         OFF TMH TIRO FAMES SMILAX   BOLL      00185918941477DOYST55         OFF TMH TIRO HAU BT,"best global assignment on amount, date and reference agreement"
813006076705,amber,scored,1.000,705190266082,USD_2022-09-10_ACC#00001_66912     0147701477185914841477DOYST30         OFF TMH TIRO FAMES SMILAX   BOLL      00185914841477DOYST30         OFF TMH TIRO HAU BT,"best global assignment on amount, date and reference agreement"
51073097989,amber,scored,1.000,646079591952,USD_2022-09-10_ACC#00001_66912     0147701477185914841477DOYST30         OFF TMH TIRO FAMES SMILAX   BOLL      00185914841477DOYST30         OFF TMH TIRO HAU BT,"best global assignment on amount, date and reference agreement"
235785215442,amber,scored,1.000,686013335312,USD_2022-09-10_ACC#00001_66912     0670806708182671014476MOIST84         MORIBUND ROTENONES S SMILAX   BOLL      00182671014476MOIST84         MORIBUND ZYGNEMA SK HYRACIFORM,"best global assignment on amount, date and reference agreement"
743284496315,amber,scored,1.000,63227294547,USD_2022-09-10_ACC#00001_66912     0670806708184554314407LEUD379         MORIBUND ROTENONES S SMILAX   BOLL      00184554314407LEUD379         MORIBUND ZYGNEMA SK HYRACIFORM,"best global assignment on amount, date and reference agreement"
753510794506,amber,scored,1.000,623392207982,USD_2022-09-10_ACC#00001_66912     66325663250 32566D9174 088            JOQVY - BAS - DG SMILAX   GFG       VC0 32566D9174 088            JOQVY - BAS - DG,"best global assignment on amount, date and reference agreement"
234981480264,amber,scored,1.000,521344589060,USD_2022-09-10_ACC#00001_66912     66325663250 32566D5DOG 088            JOQVY DE-BAS - T SMILAX   GFG       VC0 32566D5DOG 088            JOQVY DE-BAS - T,"best global assignment on amount, date and reference agreement"
679262796304,amber,scored,1.000,802499118788,USD_2022-09-10_ACC#00001_66912     66325663250 32566D5RPQ 088            JOQVY - ELUVIA - SMILAX   GFG       VC0 32566D5RPQ 088            JOQVY - ELUVIA -,"best global assignment on amount, date and reference agreement"
202262240089,amber,scored,1.000,261777437305,USD_2022-09-10_ACC#00001_66912     02787027870666H3         6666666666 SMILAX   FGGKR     FW0666H3         6666666666,"best global assignment on amount, date and reference agreement"
362703750394,amber,scored,1.000,831587683570,USD_2022-09-10_ACC#00001_66912     66325663250 32566D5TR3 088            JOQVY - ELUVIA - SMILAX   GFG       VC0 32566D5TR3 088            JOQVY - ELUVIA -,"best global assignment on amount, date and reference agreement"
311858138958,amber,scored,1.000,472063943960,USD_2022-09-10_ACC#00001_66912     0147701477189967141477BRAVI49         IF TMH SEE FAMES SMILAX   BOLL      00189967141477BRAVI49         IF TMH SEE FAMES,"best global assignment on amount, date and reference agreement"
10856675671,amber,scored,0.950,45198029030,USD_2022-09-09_ACC#00001_66912     0147601476185243741476                IF TMH ENQUIRE WOLD SMILAX   BOLL      00185243741476                IF TMH ENQUIRE C TCK,"best global assignment on amount, date and reference agreement"
284810167775,amber,scored,1.000,604126274809,USD_2022-09-10_ACC#00001_66912     0609306093182046667005NEWEL97         MORIBUND ROTENONES S SMILAX   BOLL      00182046667005NEWEL97         MORIBUND ZYGNEMA SK HYRACIFORM,"best global assignment on amount, date and reference agreement"
199927383555,amber,scored,1.000,290455017475,USD_2022-09-10_ACC#00001_66912     66325663250 32566D5W0G 088            JOQVY - ELUVIA - SMILAX   GFG       VC0 32566D5W0G 088            JOQVY - ELUVIA -,"best global assignment on amount, date and reference agreement"
63833047672,amber,scored,1.000,75183115880,USD_2022-09-10_ACC#00001_66912     0147701477189967241477ELEGY48         IF TMH SEE FAMES SMILAX   BOLL      00189967241477ELEGY48         IF TMH SEE FAMES,"best global assignment on amount, date and reference agreement"
926110768562,amber,scored,1.000,352503764716,USD_2022-09-10_ACC#00001_66912     0207602076182779313737KELD614         MORIBUND VEXES WHUFF SMILAX   BOLL      00182779313737KELD614         MORIBUND VEXES S FOMALHAUT,"best global assignment on amount, date and reference agreement"
963692632336,amber,scored,1.000,207102505839,USD_2022-09-10_ACC#00001_66912     0670806708184540114476CHARE53         MORIBUND ROTENONES S SMILAX   BOLL      00184540114476CHARE53         MORIBUND ZYGNEMA SK HYRACIFORM,"best global assignment on amount, date and reference agreement"
126141674513,amber,scored,1.000,682042773884,USD_2022-09-10_ACC#00001_66912     66325663250 32566D5TN2 088            JOQVY - ELUVIA - SMILAX   GFG       VC0 32566D5TN2 088            JOQVY - ELUVIA -,"best global assignment on amount, date and reference agreement"
208277386046,amber,scored,1.000,329968814042,USD_2022-09-10_ACC#00001_VOYAGE 66912     0670806708184522214407SCOOP55         MORIBUND ROTENONES S,"best global assignment on amount, date and reference agreement"
601991345558,amber,scored,1.000,937820215810,USD_2022-09-10_ACC#00001_66912     0670806708182838714471MOVE685         MORIBUND ROTENONES S SMILAX   BOLL      00182838714471MOVE685         MORIBUND ZYGNEMA SK HYRACIFORM,"best global assignment on amount, date and reference agreement"
208204591133,amber,scored,1.000,644748224901,USD_2022-09-10_ACC#00001_66912     02566025660666H3         6666666666 SMILAX   FGGKR     FW0666H3         6666666666,"best global assignment on amount, date and reference agreement"
328259533832,amber,scored,1.000,919246039119,USD_2022-09-10_ACC#00001_66912     0122001220184600212660CHARE47         MORIBUND VEXES WHUFF SMILAX   BOLL      00184600212660CHARE47         MORIBUND VEXES S FOMALHAUT,"best global assignment on amount, date and reference agreement"
270421124258,amber,scored,1.000,670899941629,USD_2022-09-10_ACC#00001_66912     0147701477189961141477DOYST31         IF TMH SEE FAMES SMILAX   BOLL      00189961141477DOYST31         IF TMH SEE FAMES,"best global assignment on amount, date and reference agreement"
861720586349,amber,scored,1.000,819973497030,USD_2022-09-10_ACC#00001_66912     0147701477189968041477MEGGY88         IF TMH SEE FAMES SMILAX   BOLL      00189968041477MEGGY88         IF TMH SEE FAMES,"best global assignment on amount, date and reference agreement"
645983777629,amber,scored,1.000,74453082173,USD_2022-09-10_ACC#00001_66912     0670806708184525414407DOYST94         MORIBUND ROTENONES S SMILAX   BOLL      00184525414407DOYST94         MORIBUND ZYGNEMA SK HYRACIFORM,"best global assignment on amount, date and reference agreement"
94323907038,amber,scored,0.950,751187935849,USD_2022-09-09_ACC#00001_66912     66325663250 32566D5GAF 088            JOQVY DE - BAS - SMILAX   GFG       VC0 32566D5GAF 088            JOQVY DE - BAS -,"best global assignment on amount, date and reference agreement"
350398044193,amber,scored,1.000,955320979398,USD_2022-09-10_ACC#00001_66912     0175001750182623915918MESEM35         MORIBUND ROTENONES S SMILAX   BOLL      00182623915918MESEM35         MORIBUND ZYGNEMA SK HYRACIFORM,"best global assignment on amount, date and reference agreement"
696160223747,amber,scored,1.000,83857901820,USD_2022-09-10_ACC#00001_66912     09999099990666H3         6666666666 SMILAX   FGGKR     FW0666H3         6666666666,"best global assignment on amount, date and reference agreement"
756896303114,amber,scored,1.000,865040346331,USD_2022-09-10_ACC#00001_66912     0141601416136737341416EPEE553         OFF TMH SEE FAMES SMILAX   BOLL      00136737341416EPEE553         OFF TMH SEE EMEU S,"best global assignment on amount, date and reference agreement"
964006006147,amber,scored,1.000,883304677968,USD_2022-09-10_ACC#00001_66912     0147701477189968141477DOYST43         IF TMH SEE FAMES SMILAX   BOLL      00189968141477DOYST43         IF TMH SEE FAMES,"best global assignment on amount, date and reference agreement"
694854806261,amber,scored,1.000,17565289210,USD_2022-09-10_ACC#00001_66912     0147601476189599141476                IF TMH ENQUIRE WOLD SMILAX   BOLL      00189599141476                IF TMH ENQUIRE C TCK,"best global assignment on amount, date and reference agreement"
152201062923,amber,scored,1.000,218085781814,USD_2022-09-10_ACC#00001_66912     0147701477189961041477DOYST30         IF TMH SEE FAMES SMILAX   BOLL      00189961041477DOYST30         IF TMH SEE FAMES,"best global assignment on amount, date and reference agreement"
164196860425,amber,scored,1.000,41439471938,USD_2022-09-10_ACC#00001_66912     0670806708182677714476CHARE53         MORIBUND ROTENONES S SMILAX   BOLL      00182677714476CHARE53         MORIBUND ZYGNEMA SK HYRACIFORM,"best global assignment on amount, date and reference agreement"
99948903972,amber,scored,1.000,195481946625,USD_2022-09-10_ACC#00001_66912     0670806708184937314476KERCH33         MORIBUND ROTENONES S SMILAX   BOLL      00184937314476KERCH33         MORIBUND ZYGNEMA SK HYRACIFORM,"best global assignment on amount, date and reference agreement"
81401843652,amber,scored,1.000,284600880388,USD_2022-09-10_ACC#00001_66912     66325663250 32566D5J62 088            JOQVY - ELUVIA - SMILAX   GFG       VC0 32566D5J62 088            JOQVY - ELUVIA -,"best global assignment on amount, date and reference agreement"
367143214838,amber,scored,1.000,880065539212,USD_2022-09-10_ACC#00001_66912     0676506765185125255578DOYST31         MORIBUND VEXES WHUFF SMILAX   BOLL      00185125255578DOYST31         MORIBUND VEXES S FOMALHAUT,"best global assignment on amount, date and reference agreement"
314383320473,amber,scored,1.000,706453771699,USD_2022-09-10_ACC#00001_66912     0670806708184559314407AMAGA05         MORIBUND ROTENONES S SMILAX   BOLL      00184559314407AMAGA05         MORIBUND ZYGNEMA SK HYRACIFORM,"best global assignment on amount, date and reference agreement"
233118160248,amber,scored,1.000,832810190518,USD_2022-09-10_ACC#00001_66912     0600306003183644167609BREI896         MORIBUND ROTENONES S SMILAX   BOLL      00183644167609BREI896         MORIBUND ZYGNEMA SK HYRACIFORM,"best global assignment on amount, date and reference agreement"
495897716499,amber,scored,1.000,944193163715,USD_2022-09-10_ACC#00001_66912     0147701477189609341477HUBBA50         OFF TMH TIRO FAMES SMILAX   BOLL      00189609341477HUBBA50         OFF TMH TIRO HAU BT,"best global assignment on amount, date and reference agreement"
760199556778,amber,scored,0.900,234284476209,USD_2022-09-07_ACC#00001_66912     66325663250 32566D4S31 088            JO TONITE AGGEST SMILAX   GFG       VC0 32566D4S31 088            JO TONITE AGGEST,"best global assignment on amount, date and reference agreement"
332657510983,amber,scored,1.000,792623654145,USD_2022-09-10_ACC#00001_66912     02566025660666H3         6666666666 SMILAX   FGGKR     FW0666H3         6666666666,"best global assignment on amount, date and reference agreement"
906241873985,amber,scored,1.000,31269582155,USD_2022-09-10_ACC#00001_66912     0147701477185980141477DOYST31         OFF TMH TIRO FAMES SMILAX   BOLL      00185980141477DOYST31         OFF TMH TIRO HAU BT,"best global assignment on amount, date and reference agreement"
43568905171,amber,scored,1.000,435904620303,USD_2022-09-10_ACC#00001_66912     0141601416136048341416DOYST31         OFF TMH TIRO FAMES SMILAX   BOLL      00136048341416DOYST31         OFF TMH TIRO HAU BT,"best global assignment on amount, date and reference agreement"
817922086491,amber,scored,1.000,80611096446,USD_2022-09-10_ACC#00001_66912     66325663250 32566D5RM4 088            JOQVY - ELUVIA - SMILAX   GFG       VC0 32566D5RM4 088            JOQVY - ELUVIA -,"best global assignment on amount, date and reference agreement"
925196356791,amber,scored,1.000,274951220000,USD_2022-09-10_ACC#00001_66912     0670806708184538714476EPEE902         MORIBUND ROTENONES S SMILAX   BOLL      00184538714476EPEE902         MORIBUND ZYGNEMA SK HYRACIFORM,"best global assignment on amount, date and reference agreement"
370875328207,amber,scored,1.000,690694507551,USD_2022-09-10_ACC#00001_66912     0670806708184559914407POSSE37         MORIBUND ROTENONES S SMILAX   BOLL      00184559914407POSSE37         MORIBUND ZYGNEMA SK HYRACIFORM,"best global assignment on amount, date and reference agreement"
21037911985,amber,scored,1.000,209076419794,USD_2022-07-06_ACC#00001_66912     66325663250 37266BYTQF 088            GLONOIN FLAYS KY,"best global assignment on amount, date and reference agreement"
949701124248,amber,scored,1.000,232756894334,USD_2022-09-10_ACC#00001_66912     0670806708184942814476RIGHT19         MORIBUND VEXES WHUFF SMILAX   BOLL      00184942814476RIGHT19         MORIBUND VEXES S FOMALHAUT,"best global assignment on amount, date and reference agreement"
178582080669,amber,scored,1.000,243363497236,USD_2022-09-10_ACC#00001_66912     0670806708184540314476BRAVI59         MORIBUND VEXES WHUFF SMILAX   BOLL      00184540314476BRAVI59         MORIBUND VEXES S FOMALHAUT,"best global assignment on amount, date and reference agreement"
456947838539,amber,scored,1.000,534601653285,USD_2022-09-10_ACC#00001_66912     0646006460S                           BURO JADY GAT AUG - SMILAX   RAMON     GFG                           BURO JADY GAT IT X - T         JOQ ELUVIA KR - TA            JOQGE.TA,"best global assignment on amount, date and reference agreement"
102802710954,amber,scored,1.000,911914569217,USD_2022-09-10_ACC#00001_66912     0670806708184985314476SHOJI46         MORIBUND ROTENONES S SMILAX   BOLL      00184985314476SHOJI46         MORIBUND ZYGNEMA SK HYRACIFORM,"best global assignment on amount, date and reference agreement"
967548722712,amber,scored,1.000,297732999137,USD_2022-09-10_ACC#00001_66912     0670806708184551214407CHOIL18         MORIBUND ROTENONES S SMILAX   BOLL      00184551214407CHOIL18         MORIBUND ZYGNEMA SK HYRACIFORM,"best global assignment on amount, date and reference agreement"
616569938461,amber,scored,1.000,129950081830,USD_2022-09-10_ACC#00001_66912     0141601416115408041416EPEE556         OFF TMH TIRO FAMES SMILAX   BOLL      00115408041416EPEE556         OFF TMH TIRO HAU BT,"best global assignment on amount, date and reference agreement"
482246095123,amber,scored,1.000,869441410797,USD_2022-09-10_ACC#00001_66912     0147701477187332641477SHOWD61         OFF TMH SEE FAMES SMILAX   BOLL      00187332641477SHOWD61         OFF TMH SEE EMEU S,"best global assignment on amount, date and reference agreement"
923105784528,amber,scored,1.000,184670088093,USD_2022-09-10_ACC#00001_66912     66325663250 32566D5TDB 088            JOQVY - ELUVIA - SMILAX   GFG       VC0 32566D5TDB 088            JOQVY - ELUVIA -,"best global assignment on amount, date and reference agreement"
192553892868,amber,scored,1.000,592965695963,USD_2022-09-10_ACC#00001_66912     0614606146189647110007CHARE90         MORIBUND VEXES WHUFF SMILAX   BOLL      00189647110007CHARE90         MORIBUND VEXES S FOMALHAUT,"best global assignment on amount, date and reference agreement"
468858654361,amber,scored,1.000,13357818184,USD_2022-09-10_ACC#00001_66912     0670806708182691414407COCT389         MORIBUND ROTENONES S SMILAX   BOLL      00182691414407COCT389         MORIBUND ZYGNEMA SK HYRACIFORM,"best global assignment on amount, date and reference agreement"
279274468810,amber,scored,1.000,137458064089,USD_2022-09-10_ACC#00001_66912     0670806708184554614407BOAS474         MORIBUND VEXES WHUFF SMILAX   BOLL      00184554614407BOAS474         MORIBUND VEXES S FOMALHAUT,"best global assignment on amount, date and reference agreement"
292429094066,amber,scored,1.000,758984638366,USD_2022-09-10_ACC#00001_66912     0147701477189968041477MEGGY88         IF TMH SEE FAMES SMILAX   BOLL      00189968041477MEGGY88         IF TMH SEE FAMES,"best global assignment on amount, date and reference agreement"
618684926919,amber,scored,1.000,304439117373,USD_2022-09-10_ACC#00001_66912     0670806708182602914407LEUD188         MORIBUND ROTENONES S SMILAX   BOLL      00182602914407LEUD188         MORIBUND ZYGNEMA SK HYRACIFORM,"best global assignment on amount, date and reference agreement"
957294841419,amber,scored,1.000,598026785681,USD_2022-09-10_ACC#00001_66912     0614606146189647110007CHARE90         MORIBUND VEXES WHUFF SMILAX   BOLL      00189647110007CHARE90         MORIBUND VEXES S FOMALHAUT,"best global assignment on amount, date and reference agreement"
481245041939,amber,scored,1.000,415360638213,USD_2022-09-10_ACC#00001_66912     0141601416136050841416DOYST31         OFF TMH TIRO FAMES SMILAX   BOLL      00136050841416DOYST31         OFF TMH TIRO HAU BT,"best global assignment on amount, date and reference agreement"
101221898039,amber,scored,1.000,222361472729,USD_2022-09-10_ACC#00001_66912     0207602076182185113737GULA731         MORIBUND ROTENONES S SMILAX   BOLL      00182185113737GULA731         MORIBUND ZYGNEMA SK HYRACIFORM,"best global assignment on amount, date and reference agreement"
730521645541,amber,scored,1.000,742206316196,USD_2022-09-10_ACC#00001_66912     0141601416115463541416DOYST97         OFF TMH TIRO FAMES SMILAX   BOLL      00115463541416DOYST97         OFF TMH TIRO HAU BT,"best global assignment on amount, date and reference agreement"
132561008185,amber,scored,1.000,225422018270,USD_2022-09-10_ACC#00001_66912     02566025660666H3         6666666666 SMILAX   FGGKR     FW0666H3         6666666666,"best global assignment on amount, date and reference agreement"
852689561339,amber,scored,1.000,298735219565,USD_2022-09-10_ACC#00001_66912     66325663250 32566D5RP8 088            JOQVY - ELUVIA - SMILAX   GFG       VC0 32566D5RP8 088            JOQVY - ELUVIA -,"best global assignment on amount, date and reference agreement"
994521511086,amber,scored,1.000,433988975540,USD_2022-08-21_ACC#00001_66912     0779507795 SMILAX   WAP,"best global assignment on amount, date and reference agreement"
396137385746,amber,scored,1.000,957085842867,USD_2022-09-10_ACC#00001_66912     0147701477189968041477MEGGY88         IF TMH SEE FAMES SMILAX   BOLL      00189968041477MEGGY88         IF TMH SEE FAMES,"best global assignment on amount, date and reference agreement"
976790562732,amber,scored,1.000,130132532711,USD_2022-09-10_ACC#00001_66912     66325663250 32566D99EJ 088            JOQVY DE-BAS - T SMILAX   GFG       VC0 32566D99EJ 088            JOQVY DE-BAS - T,"best global assignment on amount, date and reference agreement"
55020824617,amber,scored,1.000,355562907273,USD_2022-09-10_ACC#00001_66912     0670806708182698414407CUTIN16         MORIBUND ROTENONES S SMILAX   BOLL      00182698414407CUTIN16         MORIBUND ZYGNEMA SK HYRACIFORM,"best global assignment on amount, date and reference agreement"
94556433023,amber,scored,1.000,737333407230,USD_2022-09-10_ACC#00001_66912     66325663250 32566D5RP4 088            JOQVY - ELUVIA - SMILAX   GFG       VC0 32566D5RP4 088            JOQVY - ELUVIA -,"best global assignment on amount, date and reference agreement"
536150867915,amber,scored,1.000,970587701477,USD_2022-09-10_ACC#00001_66912     0670806708184531314476CHARE53         MORIBUND ROTENONES S SMILAX   BOLL      00184531314476CHARE53         MORIBUND ZYGNEMA SK HYRACIFORM,"best global assignment on amount, date and reference agreement"
85211023284,amber,scored,1.000,504565302338,USD_2022-09-10_ACC#00001_66912     0147701477185980141477DOYST31         OFF TMH TIRO FAMES SMILAX   BOLL      00185980141477DOYST31         OFF TMH TIRO HAU BT,"best global assignment on amount, date and reference agreement"
22436951983,amber,scored,1.000,217805772090,USD_2022-09-10_ACC#00001_66912     0147701477185919341477EPEE553         OFF TMH TIRO FAMES SMILAX   BOLL      00185919341477EPEE553         OFF TMH TIRO HAU BT,"best global assignment on amount, date and reference agreement"
701354401458,amber,scored,1.000,385012426244,USD_2022-09-10_ACC#00001_66912     66325663250 32566D5RRB 088            JOQVY - ELUVIA - SMILAX   GFG       VC0 32566D5RRB 088            JOQVY - ELUVIA -,"best global assignment on amount, date and reference agreement"
109362562188,amber,scored,1.000,246523924386,USD_2022-09-10_ACC#00001_66912     0256602566 SMILAX   FGGKR,"best global assignment on amount, date and reference agreement"
886616007896,amber,scored,1.000,949101394962,USD_2022-09-10_ACC#00001_66912     0670806708184532514476CHARE58         MORIBUND ROTENONES S SMILAX   BOLL      00184532514476CHARE58         MORIBUND ZYGNEMA SK HYRACIFORM,"best global assignment on amount, date and reference agreement"
442433770902,amber,scored,1.000,825081531238,USD_2022-09-10_ACC#00001_66912     0638106381180535888856CHARE34         MORIBUND ROTENONES S SMILAX   BOLL      00180535888856CHARE34         MORIBUND ZYGNEMA SK HYRACIFORM,"best global assignment on amount, date and reference agreement"
735085514832,amber,scored,1.000,874168646632,USD_2022-09-10_ACC#00001_66912     0147701477185918941477DOYST55         OFF TMH TIRO FAMES SMILAX   BOLL      00185918941477DOYST55         OFF TMH TIRO HAU BT,"best global assignment on amount, date and reference agreement"
887632043042,amber,scored,1.000,938756138898,USD_2022-09-10_ACC#00001_66912     0147701477189961341477DOYST55         IF TMH SEE FAMES SMILAX   BOLL      00189961341477DOYST55         IF TMH SEE FAMES,"best global assignment on amount, date and reference agreement"
962474385962,amber,scored,1.000,449786468160,USD_2022-09-10_ACC#00001_66912     0670806708184591414484CHARE51         MORIBUND VEXES WHUFF SMILAX   BOLL      00184591414484CHARE51         MORIBUND VEXES S FOMALHAUT,"best global assignment on amount, date and reference agreement"
608878076628,amber,scored,1.000,875624209833,USD_2022-09-10_ACC#00001_66912     66325663250 32566D5RUP 088            JOQVY - ELUVIA - SMILAX   GFG       VC0 32566D5RUP 088            JOQVY - ELUVIA -,"best global assignment on amount, date and reference agreement"
118181433020,amber,scored,1.000,151509396176,USD_2022-09-10_ACC#00001_66912     0676506765185423955570EPEE553         MORIBUND ROTENONES S SMILAX   BOLL      00185423955570EPEE553         MORIBUND ZYGNEMA SK HYRACIFORM,"best global assignment on amount, date and reference agreement"
802388081814,amber,scored,1.000,494838081005,USD_2022-09-10_ACC#00001_66912     0670806708183672814407CHARE51         MORIBUND VEXES WHUFF SMILAX   BOLL      00183672814407CHARE51         MORIBUND VEXES S FOMALHAUT,"best global assignment on amount, date and reference agreement"
162667888733,amber,scored,1.000,320265171297,USD_2022-09-10_ACC#00001_66912     0156801568182181917661HAUSA42         MORIBUND ROTENONES S SMILAX   BOLL      00182181917661HAUSA42         MORIBUND ZYGNEMA SK HYRACIFORM,"best global assignment on amount, date and reference agreement"
604731552011,amber,scored,0.950,685340422259,USD_2022-09-08_ACC#00001_66912     0694306943136606588604EPEE823         MORIBUND ROTENONES S SMILAX   BOLL      00136606588604EPEE823         MORIBUND ZYGNEMA SK HYRACIFORM,"best global assignment on amount, date and reference agreement"
157750908986,amber,scored,1.000,497311624343,USD_2022-09-10_ACC#00001_66912     0147701477189967141477BRAVI49         IF TMH SEE FAMES SMILAX   BOLL      00189967141477BRAVI49         IF TMH SEE FAMES,"best global assignment on amount, date and reference agreement"
845219251720,amber,scored,1.000,300336969869,USD_2022-09-10_ACC#00001_66912     0670806708184539114476AMAGA42         MORIBUND ROTENONES S SMILAX   BOLL      00184539114476AMAGA42         MORIBUND ZYGNEMA SK HYRACIFORM,"best global assignment on amount, date and reference agreement"
779448668355,amber,scored,1.000,260936457908,USD_2022-09-10_ACC#00001_66912     66325663250 32566D5RVQ 088            JOQVY - ELUVIA - SMILAX   GFG       VC0 32566D5RVQ 088            JOQVY - ELUVIA -,"best global assignment on amount, date and reference agreement"
638421399307,amber,scored,1.000,825959004163,USD_2022-09-10_ACC#00001_66912     0976909769185776219262DOYST55         MORIBUND VEXES WHUFF SMILAX   BOLL      00185776219262DOYST55         MORIBUND VEXES S FOMALHAUT,"best global assignment on amount, date and reference agreement"
283584737728,amber,scored,1.000,492364139555,USD_2022-09-10_ACC#00001_66912     0670806708182693814476SHOWD73         MORIBUND ROTENONES S SMILAX   BOLL      00182693814476SHOWD73         MORIBUND ZYGNEMA SK HYRACIFORM,"best global assignment on amount, date and reference agreement"
115376412054,amber,scored,1.000,355470456632,USD_2022-09-10_ACC#00001_66912     0147701477189609141477VINYL32         OFF TMH TIRO FAMES SMILAX   BOLL      00189609141477VINYL32         OFF TMH TIRO HAU BT,"best global assignment on amount, date and reference agreement"
662316658792,amber,scored,1.000,733559937540,USD_2022-09-10_ACC#00001_66912     0122701227185686212607SKITE64         MORIBUND VEXES WHUFF SMILAX   BOLL      00185686212607SKITE64         MORIBUND VEXES S FOMALHAUT,"best global assignment on amount, date and reference agreement"
482132913132,amber,scored,1.000,712025632249,USD_2022-09-10_ACC#00001_66912     0147701477189961141477DOYST31         IF TMH SEE FAMES SMILAX   BOLL      00189961141477DOYST31         IF TMH SEE FAMES,"best global assignment on amount, date and reference agreement"
45837895151,amber,scored,1.000,513460818607,USD_2022-09-10_ACC#00001_66912     0670806708184546314476CHARE58         MORIBUND ROTENONES S SMILAX   BOLL      00184546314476CHARE58         MORIBUND ZYGNEMA SK HYRACIFORM,"best global assignment on amount, date and reference agreement"
745831706104,amber,scored,1.000,28948739872,USD_2022-09-10_ACC#00001_66912     0670806708186866014484ROHOB85         MORIBUND ROTENONES S SMILAX   BOLL      00186866014484ROHOB85         MORIBUND ZYGNEMA SK HYRACIFORM,"best global assignment on amount, date and reference agreement"
961887757272,amber,scored,1.000,209887627198,USD_2022-09-10_ACC#00001_66912     0256602566 SMILAX   FGGKR,"best global assignment on amount, date and reference agreement"
896618980747,amber,scored,1.000,998593792212,USD_2022-09-10_ACC#00001_66912     0256602566 SMILAX   FGGKR,"best global assignment on amount, date and reference agreement"
137603416070,amber,scored,1.000,719818219677,USD_2022-09-10_ACC#00001_66912     0670806708184538214476UNDOG08         MORIBUND ROTENONES S SMILAX   BOLL      00184538214476UNDOG08         MORIBUND ZYGNEMA SK HYRACIFORM,"best global assignment on amount, date and reference agreement"
514036547745,amber,scored,1.000,232454304991,USD_2022-09-10_ACC#00001_66912     0670806708184528614407JAUP172         MORIBUND VEXES WHUFF SMILAX   BOLL      00184528614407JAUP172         MORIBUND VEXES S FOMALHAUT,"best global assignment on amount, date and reference agreement"
387269052486,amber,scored,1.000,205412024533,USD_2022-09-10_ACC#00001_66912     0670806708184931614476CHARE58         MORIBUND ROTENONES S SMILAX   BOLL      00184931614476CHARE58         MORIBUND ZYGNEMA SK HYRACIFORM,"best global assignment on amount, date and reference agreement"
258565728827,amber,scored,1.000,510775549531,USD_2022-09-10_ACC#00001_66912     0141601416136725941416EPEE553         IF TMH SEE FAMES SMILAX   BOLL      00136725941416EPEE553         IF TMH SEE FAMES,"best global assignment on amount, date and reference agreement"
690516649446,amber,scored,1.000,939472035695,USD_2022-08-21_ACC#00001_66912     0779507795 SMILAX   WAP,"best global assignment on amount, date and reference agreement"
259073587689,amber,scored,1.000,943523713827,USD_2022-09-10_ACC#00001_66912     0676506765185428415574DOYST31         MORIBUND VEXES WHUFF SMILAX   BOLL      00185428415574DOYST31         MORIBUND VEXES S FOMALHAUT,"best global assignment on amount, date and reference agreement"
485161363764,amber,scored,1.000,208944427892,USD_2022-09-10_ACC#00001_66912     0603606036185982767888CHOIL61         OFF TMH SEE FAMES SMILAX   BOLL      00185982767888CHOIL61         OFF TMH SEE EMEU S,"best global assignment on amount, date and reference agreement"
987605813095,amber,scored,1.000,847337798439,USD_2022-09-10_ACC#00001_66912     0147701477189676941477HUBBA50         OFF TMH TIRO FAMES SMILAX   BOLL      00189676941477HUBBA50         OFF TMH TIRO HAU BT,"best global assignment on amount, date and reference agreement"
895779598537,amber,scored,1.000,702601591568,USD_2022-09-10_ACC#00001_66912     0256602566 SMILAX   FGGKR,"best global assignment on amount, date and reference agreement"
166623054173,amber,scored,1.000,642753056695,USD_2022-09-10_ACC#00001_66912     0122701227185312612607SKITE62         MORIBUND VEXES WHUFF SMILAX   BOLL      00185312612607SKITE62         MORIBUND VEXES S FOMALHAUT,"best global assignment on amount, date and reference agreement"
423872451605,amber,scored,1.000,140631654860,USD_2022-09-10_ACC#00001_66912     0670806708182602714407HUBBA68         MORIBUND ROTENONES S SMILAX   BOLL      00182602714407HUBBA68         MORIBUND ZYGNEMA SK HYRACIFORM,"best global assignment on amount, date and reference agreement"
926694068877,amber,scored,1.000,725889290456,USD_2022-09-10_ACC#00001_66912     0147701477185918941477DOYST55         OFF TMH TIRO FAMES SMILAX   BOLL      00185918941477DOYST55         OFF TMH TIRO HAU BT,"best global assignment on amount, date and reference agreement"
807897623656,amber,scored,1.000,98526011053,USD_2022-09-10_ACC#00001_66912     0256602566 SMILAX   FGGKR,"best global assignment on amount, date and reference agreement"
226823582594,amber,scored,1.000,610855453059,USD_2022-09-10_ACC#00001_66912     0614606146189647110007CHARE90         MORIBUND VEXES WHUFF SMILAX   BOLL      00189647110007CHARE90         MORIBUND VEXES S FOMALHAUT,"best global assignment on amount, date and reference agreement"
5904284636,amber,scored,1.000,436291617711,USD_2022-09-10_ACC#00001_66912     0670806708184525614407SCOOP55         MORIBUND VEXES WHUFF SMILAX   BOLL      00184525614407SCOOP55         MORIBUND VEXES S FOMALHAUT,"best global assignment on amount, date and reference agreement"
340656770951,amber,scored,1.000,465569183836,USD_2022-09-10_ACC#00001_66912     0670806708184543314476SHOJI46         MORIBUND ROTENONES S SMILAX   BOLL      00184543314476SHOJI46         MORIBUND ZYGNEMA SK HYRACIFORM,"best global assignment on amount, date and reference agreement"
633484495759,amber,scored,1.000,71966567485,USD_2022-09-10_ACC#00001_66912     0147701477185915741477ELEGY48         OFF TMH TIRO FAMES SMILAX   BOLL      00185915741477ELEGY48         OFF TMH TIRO HAU BT,"best global assignment on amount, date and reference agreement"
539692653789,amber,scored,1.000,551903182264,USD_2022-09-10_ACC#00001_66912     0670806708184531014476CHARE58         MORIBUND ROTENONES S SMILAX   BOLL      00184531014476CHARE58         MORIBUND ZYGNEMA SK HYRACIFORM,"best global assignment on amount, date and reference agreement"
468507696485,amber,scored,1.000,630903711591,USD_2022-09-10_ACC#00001_66912     0614606146189647110007CHARE90         MORIBUND VEXES WHUFF SMILAX   BOLL      00189647110007CHARE90         MORIBUND VEXES S FOMALHAUT,"best global assignment on amount, date and reference agreement"
765692823239,amber,scored,1.000,760699029113,USD_2022-09-10_ACC#00001_66912     0141601416136048541416DOYST31         OFF TMH TIRO FAMES SMILAX   BOLL      00136048541416DOYST31         OFF TMH TIRO HAU BT,"best global assignment on amount, date and reference agreement"
993216864176,amber,scored,1.000,417729409221,USD_2022-09-10_ACC#00001_66912     0670806708184559014407CHARE55         MORIBUND ROTENONES S SMILAX   BOLL      00184559014407CHARE55         MORIBUND ZYGNEMA SK HYRACIFORM,"best global assignment on amount, date and reference agreement"
49163223886,amber,scored,1.000,571561780541,USD_2022-09-10_ACC#00001_66912     0609306093182184867005CUTIN40         MORIBUND ROTENONES S SMILAX   BOLL      00182184867005CUTIN40         MORIBUND ZYGNEMA SK HYRACIFORM,"best global assignment on amount, date and reference agreement"
931555056178,amber,scored,1.000,858361019529,USD_2022-09-10_ACC#00001_66912     66325663250 32566D5DV6 088            JOQVY - ELUVIA - SMILAX   GFG       VC0 32566D5DV6 088            JOQVY - ELUVIA -,"best global assignment on amount, date and reference agreement"
729052497905,amber,scored,1.000,980732284578,USD_2022-09-10_ACC#00001_66912     0122001220184587712660ETCH992         MORIBUND ROTENONES S SMILAX   BOLL      00184587712660ETCH992         MORIBUND ZYGNEMA SK HYRACIFORM,"best global assignment on amount, date and reference agreement"
657497979705,amber,scored,1.000,559423598382,USD_2022-09-10_ACC#00001_66912     0147701477185980141477DOYST31         OFF TMH TIRO FAMES SMILAX   BOLL      00185980141477DOYST31         OFF TMH TIRO HAU BT,"best global assignment on amount, date and reference agreement"
110570539158,amber,scored,1.000,681902791892,USD_2022-09-10_ACC#00001_66912     0147701477189961041477DOYST30         IF TMH SEE FAMES SMILAX   BOLL      00189961041477DOYST30         IF TMH SEE FAMES,"best global assignment on amount, date and reference agreement"
330860281137,amber,scored,1.000,60574521919,USD_2022-09-10_ACC#00001_66912     0670806708184530614476CRIB312         MORIBUND ROTENONES S SMILAX   BOLL      00184530614476CRIB312         MORIBUND ZYGNEMA SK HYRACIFORM,"best global assignment on amount, date and reference agreement"
824783799367,amber,scored,1.000,696783201187,USD_2022-09-10_ACC#00001_66912     66325663250 32566D5S5K 088            JOQVY DE - BAS - SMILAX   GFG       VC0 32566D5S5K 088            JOQVY DE - BAS -,"best global assignment on amount, date and reference agreement"
479359647842,amber,scored,1.000,659940629561,USD_2022-09-10_ACC#00001_66912     0670806708184535114476RIGHT40         MORIBUND ROTENONES S SMILAX   BOLL      00184535114476RIGHT40         MORIBUND ZYGNEMA SK HYRACIFORM,"best global assignment on amount, date and reference agreement"
705372609112,amber,scored,1.000,699624866099,USD_2022-09-10_ACC#00001_66912     0147701477189961041477DOYST30         IF TMH SEE FAMES SMILAX   BOLL      00189961041477DOYST30         IF TMH SEE FAMES,"best global assignment on amount, date and reference agreement"
57434013996,amber,scored,1.000,322835731239,USD_2022-09-10_ACC#00001_66912     0256602566 SMILAX   FGGKR,"best global assignment on amount, date and reference agreement"
65459733878,amber,scored,1.000,838687389689,USD_2022-09-10_ACC#00001_66912     0147701477189961041477DOYST30         IF TMH SEE FAMES SMILAX   BOLL      00189961041477DOYST30         IF TMH SEE FAMES,"best global assignment on amount, date and reference agreement"
843462535001,amber,scored,1.000,84139820792,USD_2022-09-10_ACC#00001_66912     0147701477185980141477DOYST31         OFF TMH TIRO FAMES SMILAX   BOLL      00185980141477DOYST31         OFF TMH TIRO HAU BT,"best global assignment on amount, date and reference agreement"
235268081682,amber,scored,1.000,692660938797,USD_2022-09-10_ACC#00001_66912     0670806708184540014476CHARE58         MORIBUND ROTENONES S SMILAX   BOLL      00184540014476CHARE58         MORIBUND ZYGNEMA SK HYRACIFORM,"best global assignment on amount, date and reference agreement"
3324037901,amber,scored,1.000,439798382747,USD_2022-09-10_ACC#00001_66912     0147701477185919341477EPEE553         OFF TMH TIRO FAMES SMILAX   BOLL      00185919341477EPEE553         OFF TMH TIRO HAU BT,"best global assignment on amount, date and reference agreement"
388101122141,amber,scored,1.000,326575024343,USD_2022-09-10_ACC#00001_66912     0638106381185900088856UNDOG35         MORIBUND ROTENONES S SMILAX   BOLL      00185900088856UNDOG35         MORIBUND ZYGNEMA SK HYRACIFORM,"best global assignment on amount, date and reference agreement"
41973518319,amber,scored,1.000,64573795148,USD_2022-09-10_ACC#00001_66912     0147701477189961341477DOYST55         IF TMH SEE FAMES SMILAX   BOLL      00189961341477DOYST55         IF TMH SEE FAMES,"best global assignment on amount, date and reference agreement"
891773916685,amber,scored,1.000,693698993795,USD_2022-09-10_ACC#00001_66912     0147701477189967141477BRAVI49         IF TMH SEE FAMES SMILAX   BOLL      00189967141477BRAVI49         IF TMH SEE FAMES,"best global assignment on amount, date and reference agreement"
607058138332,amber,scored,1.000,5245485918,USD_2022-09-10_ACC#00001_66912     0147701477189929641477HUBBA50         IF TMH SEE FAMES SMILAX   BOLL      00189929641477HUBBA50         IF TMH SEE FAMES,"best global assignment on amount, date and reference agreement"
106776237741,amber,scored,1.000,297114327922,USD_2022-09-10_ACC#00001_66912     0670806708184538814476CHARE58         MORIBUND ROTENONES S SMILAX   BOLL      00184538814476CHARE58         MORIBUND ZYGNEMA SK HYRACIFORM,"best global assignment on amount, date and reference agreement"
258586468001,amber,scored,1.000,502897653063,USD_2022-09-10_ACC#00001_66912     0638106381185900088856UNDOG35         MORIBUND ROTENONES S SMILAX   BOLL      00185900088856UNDOG35         MORIBUND ZYGNEMA SK HYRACIFORM,"best global assignment on amount, date and reference agreement"
591867838523,amber,scored,0.950,921758530902,USD_2022-09-08_ACC#00001_66912     0694306943136606988604EPEE823         MORIBUND ROTENONES S SMILAX   BOLL      00136606988604EPEE823         MORIBUND ZYGNEMA SK HYRACIFORM,"best global assignment on amount, date and reference agreement"
119884087936,amber,scored,1.000,829684459710,USD_2022-09-10_ACC#00001_66912     0676506765185821015574DOYST31         MORIBUND VEXES WHUFF SMILAX   BOLL      00185821015574DOYST31         MORIBUND VEXES S FOMALHAUT,"best global assignment on amount, date and reference agreement"
632438117267,amber,scored,1.000,366401628146,USD_2022-09-10_ACC#00001_66912     0670806708184596714407FALX977         MORIBUND ROTENONES S SMILAX   BOLL      00184596714407FALX977         MORIBUND ZYGNEMA SK HYRACIFORM,"best global assignment on amount, date and reference agreement"
381138043002,amber,scored,1.000,86320318555,USD_2022-09-10_ACC#00001_66912     02787027870666H3         6666666666 SMILAX   FGGKR     FW0666H3         6666666666,"best global assignment on amount, date and reference agreement"
643998442717,amber,scored,1.000,25843544695,USD_2022-09-10_ACC#00001_66912     0617806178182138067387VINYL50         MORIBUND ROTENONES S SMILAX   BOLL      00182138067387VINYL50         MORIBUND ZYGNEMA SK HYRACIFORM,"best global assignment on amount, date and reference agreement"
216234638064,amber,scored,1.000,592859779297,USD_2022-09-10_ACC#00001_66912     66325663250 32566D5RE9 088            JOQVY - ELUVIA - SMILAX   GFG       VC0 32566D5RE9 088            JOQVY - ELUVIA -,"best global assignment on amount, date and reference agreement"
275719807365,amber,scored,1.000,377144628225,USD_2022-09-10_ACC#00001_66912     0670806708184553314407NAUT853         MORIBUND ROTENONES S SMILAX   BOLL      00184553314407NAUT853         MORIBUND ZYGNEMA SK HYRACIFORM,"best global assignment on amount, date and reference agreement"
868849173171,amber,scored,1.000,868658832635,USD_2022-09-10_ACC#00001_66912     0976909769185776419262DOYST55         MORIBUND ROTENONES S SMILAX   BOLL      00185776419262DOYST55         MORIBUND ZYGNEMA SK HYRACIFORM,"best global assignment on amount, date and reference agreement"
457304963832,amber,scored,1.000,819628478610,USD_2022-09-10_ACC#00001_66912     0670806708184523014407CHARE55         MORIBUND ROTENONES S SMILAX   BOLL      00184523014407CHARE55         MORIBUND ZYGNEMA SK HYRACIFORM,"best global assignment on amount, date and reference agreement"
142265757075,amber,scored,1.000,459950893187,USD_2022-09-10_ACC#00001_66912     0141601416136054741416DOYST31         OFF TMH TIRO FAMES SMILAX   BOLL      00136054741416DOYST31         OFF TMH TIRO HAU BT,"best global assignment on amount, date and reference agreement"
659630671587,amber,scored,1.000,794396471665,USD_2022-09-10_ACC#00001_66912     0147701477185914841477DOYST30         OFF TMH TIRO FAMES SMILAX   BOLL      00185914841477DOYST30         OFF TMH TIRO HAU BT,"best global assignment on amount, date and reference agreement"
392119725822,amber,scored,1.000,329111365431,USD_2022-09-10_ACC#00001_66912     0147601476189553141476                IF TMH ENQUIRE WOLD SMILAX   BOLL      00189553141476                IF TMH ENQUIRE C TCK,"best global assignment on amount, date and reference agreement"
582993382239,amber,scored,1.000,397111094227,USD_2022-09-10_ACC#00001_66912     0122001220182180312660SYNE743         MORIBUND VEXES WHUFF SMILAX   BOLL      00182180312660SYNE743         MORIBUND VEXES S FOMALHAUT,"best global assignment on amount, date and reference agreement"
59022086974,amber,scored,1.000,524125974243,USD_2022-09-10_ACC#00001_66912     0147701477185915841477BRAVI49         OFF TMH TIRO FAMES SMILAX   BOLL      00185915841477BRAVI49         OFF TMH TIRO HAU BT,"best global assignment on amount, date and reference agreement"
23721523704,amber,scored,1.000,6061105899,USD_2022-09-10_ACC#00001_66912     0175001750185653615918MESEM39         MORIBUND VEXES WHUFF SMILAX   BOLL      00185653615918MESEM39         MORIBUND VEXES S FOMALHAUT,"best global assignment on amount, date and reference agreement"
600909957998,amber,scored,1.000,760431724423,USD_2022-09-10_ACC#00001_66912     0147701477189967241477ELEGY48         IF TMH SEE FAMES SMILAX   BOLL      00189967241477ELEGY48         IF TMH SEE FAMES,"best global assignment on amount, date and reference agreement"
554264232210,amber,scored,1.000,599300124704,USD_2022-09-10_ACC#00001_66912     0614606146189647110007CHARE90         MORIBUND VEXES WHUFF SMILAX   BOLL      00189647110007CHARE90         MORIBUND VEXES S FOMALHAUT,"best global assignment on amount, date and reference agreement"
257501047839,amber,scored,1.000,838418310358,USD_2022-09-10_ACC#00001_66912     0122701227185619812607SKITE64         MORIBUND VEXES WHUFF SMILAX   BOLL      00185619812607SKITE64         MORIBUND VEXES S FOMALHAUT,"best global assignment on amount, date and reference agreement"
564912093623,amber,scored,1.000,208695297644,USD_2022-09-10_ACC#00001_66912     0141601416189532141416MOZO637         IF TMH TIRO FAMES SMILAX   BOLL      00189532141416MOZO637         IF TMH TIRO EMEU S,"best global assignment on amount, date and reference agreement"
947437627085,amber,scored,1.000,171612397063,USD_2022-09-10_ACC#00001_66912     0122001220180553212660DOYST14         MORIBUND ROTENONES S SMILAX   BOLL      00180553212660DOYST14         MORIBUND ZYGNEMA SK HYRACIFORM,"best global assignment on amount, date and reference agreement"
645076661502,amber,scored,1.000,362860714310,USD_2022-09-10_ACC#00001_66912     6682866828SHAMESICK FROM JAUN UNFED   BHOOSA- DESINENT SMILAX   FGGQQ     PHOTOACTIVE FROM JAUN UNFED   BHOOSA- DESINENT               029666666466666666,"best global assignment on amount, date and reference agreement"
265224080136,amber,scored,1.000,64625310340,USD_2022-09-10_ACC#00001_66912     0614606146189647110007CHARE90         MORIBUND VEXES WHUFF SMILAX   BOLL      00189647110007CHARE90         MORIBUND VEXES S FOMALHAUT,"best global assignment on amount, date and reference agreement"
36810303676,amber,scored,1.000,795836778249,USD_2022-09-10_ACC#00001_66912     0670806708184533514476EPEE902         MORIBUND ROTENONES S SMILAX   BOLL      00184533514476EPEE902         MORIBUND ZYGNEMA SK HYRACIFORM,"best global assignment on amount, date and reference agreement"
350029847031,amber,scored,1.000,934627936133,USD_2022-09-10_ACC#00001_66912     0147701477185980141477DOYST31         OFF TMH TIRO FAMES SMILAX   BOLL      00185980141477DOYST31         OFF TMH TIRO HAU BT,"best global assignment on amount, date and reference agreement"
398800168657,amber,scored,1.000,580020299332,USD_2022-09-10_ACC#00001_VOYAGE 66912     0670806708184546214476BRIST79         MORIBUND VEXES WHUFF,"best global assignment on amount, date and reference agreement"
54835619145,amber,scored,1.000,635456472180,USD_2022-09-10_ACC#00001_66912     0694306943189043088604EPEE813         MORIBUND ROTENONES S SMILAX   BOLL      00189043088604EPEE813         MORIBUND ZYGNEMA SK HYRACIFORM,"best global assignment on amount, date and reference agreement"
999725496229,amber,scored,1.000,706330975719,USD_2022-09-10_ACC#00001_66912     0603606036185930567888HUBBA50         OFF TMH TIRO FAMES SMILAX   BOLL      00185930567888HUBBA50         OFF TMH TIRO HAU BT,"best global assignment on amount, date and reference agreement"
186551056483,amber,scored,1.000,837141779404,USD_2022-09-10_ACC#00001_66912     0147701477185918941477DOYST55         OFF TMH TIRO FAMES SMILAX   BOLL      00185918941477DOYST55         OFF TMH TIRO HAU BT,"best global assignment on amount, date and reference agreement"
514823260338,amber,scored,1.000,769305398656,USD_2022-09-10_ACC#00001_66912     0614606146189647110007CHARE90         MORIBUND VEXES WHUFF SMILAX   BOLL      00189647110007CHARE90         MORIBUND VEXES S FOMALHAUT,"best global assignment on amount, date and reference agreement"
48570107186,amber,scored,1.000,980414940942,USD_2022-09-10_ACC#00001_66912     0670806708182581614476DODOS98         MORIBUND ROTENONES S SMILAX   BOLL      00182581614476DODOS98         MORIBUND ZYGNEMA SK HYRACIFORM,"best global assignment on amount, date and reference agreement"
182138508618,amber,scored,1.000,857968494050,USD_2022-09-10_ACC#00001_66912     0147701477185918941477DOYST55         OFF TMH TIRO FAMES SMILAX   BOLL      00185918941477DOYST55         OFF TMH TIRO HAU BT,"best global assignment on amount, date and reference agreement"
228525757081,amber,scored,1.000,23077063364,USD_2022-09-10_ACC#00001_66912     0156801568185398717661DOYST31         MORIBUND VEXES WHUFF SMILAX   BOLL      00185398717661DOYST31         MORIBUND VEXES S FOMALHAUT,"best global assignment on amount, date and reference agreement"
220789542334,amber,scored,1.000,631180513905,USD_2022-09-10_ACC#00001_66912     0702807028189061867463COCT061         MORIBUND ROTENONES S SMILAX   BOLL      00189061867463COCT061         MORIBUND ZYGNEMA SK HYRACIFORM,"best global assignment on amount, date and reference agreement"
780960870172,amber,scored,1.000,934093727012,USD_2022-09-10_ACC#00001_66912     0147701477185918941477DOYST55         OFF TMH TIRO FAMES SMILAX   BOLL      00185918941477DOYST55         OFF TMH TIRO HAU BT,"best global assignment on amount, date and reference agreement"
750276620997,amber,scored,1.000,6365780493,USD_2022-09-10_ACC#00001_66912     00735007350666H3         6666666666 SMILAX   FGGKR     FW0666H3         6666666666,"best global assignment on amount, date and reference agreement"
494471295906,amber,scored,1.000,803663928812,USD_2022-09-10_ACC#00001_66912     0614606146189647110007CHARE90         MORIBUND VEXES WHUFF SMILAX   BOLL      00189647110007CHARE90         MORIBUND VEXES S FOMALHAUT,"best global assignment on amount, date and reference agreement"
567396176264,amber,scored,1.000,839323459190,USD_2022-09-10_ACC#00001_66912     0147701477189961041477DOYST30         IF TMH SEE FAMES SMILAX   BOLL      00189961041477DOYST30         IF TMH SEE FAMES,"best global assignment on amount, date and reference agreement"
527900592143,amber,scored,1.000,718409621923,USD_2022-09-10_ACC#00001_66912     0147701477189961141477DOYST31         IF TMH SEE FAMES SMILAX   BOLL      00189961141477DOYST31         IF TMH SEE FAMES,"best global assignment on amount, date and reference agreement"
512670364851,amber,scored,1.000,420570288835,USD_2022-09-10_ACC#00001_66912     0670806708184525214407JAUP582         MORIBUND VEXES WHUFF SMILAX   BOLL      00184525214407JAUP582         MORIBUND VEXES S FOMALHAUT,"best global assignment on amount, date and reference agreement"
818421928816,amber,scored,1.000,969659836755,USD_2022-09-10_ACC#00001_66912     0147701477189967241477ELEGY48         IF TMH SEE FAMES SMILAX   BOLL      00189967241477ELEGY48         IF TMH SEE FAMES,"best global assignment on amount, date and reference agreement"
835936873410,amber,scored,1.000,759171214405,USD_2022-09-10_ACC#00001_66912     0147701477189961341477DOYST55         IF TMH SEE FAMES SMILAX   BOLL      00189961341477DOYST55         IF TMH SEE FAMES,"best global assignment on amount, date and reference agreement"
792329703811,amber,scored,1.000,49431821415,USD_2022-09-10_ACC#00001_66912     0179001790185414714282TRASH46         MORIBUND VEXES WHUFF SMILAX   BOLL      00185414714282TRASH46         MORIBUND VEXES S FOMALHAUT,"best global assignment on amount, date and reference agreement"
504134197287,amber,scored,1.000,762914751558,USD_2022-09-10_ACC#00001_66912     0607406074189287514726EPEE553         MORIBUND ROTENONES S SMILAX   BOLL      00189287514726EPEE553         MORIBUND ZYGNEMA SK HYRACIFORM,"best global assignment on amount, date and reference agreement"
692538086235,amber,scored,1.000,31137534456,USD_2022-09-10_ACC#00001_66912     0122001220189839312660KY66668         MORIBUND ROTENONES S SMILAX   BOLL      00189839312660KY66668         MORIBUND ZYGNEMA SK HYRACIFORM,"best global assignment on amount, date and reference agreement"
575096670419,amber,scored,1.000,845970193364,USD_2022-09-10_ACC#00001_66912     0670806708184522714407COCT669         MORIBUND ROTENONES S SMILAX   BOLL      00184522714407COCT669         MORIBUND ZYGNEMA SK HYRACIFORM,"best global assignment on amount, date and reference agreement"
133464453981,amber,scored,1.000,179190733318,USD_2022-09-10_ACC#00001_66912     0670806708184633514476CHARE91         MORIBUND VEXES WHUFF SMILAX   BOLL      00184633514476CHARE91         MORIBUND VEXES S FOMALHAUT,"best global assignment on amount, date and reference agreement"
209248986665,amber,scored,1.000,785874093199,USD_2022-09-10_ACC#00001_66912     0147701477189961341477DOYST55         IF TMH SEE FAMES SMILAX   BOLL      00189961341477DOYST55         IF TMH SEE FAMES,"best global assignment on amount, date and reference agreement"
439124393864,amber,scored,1.000,742515581127,USD_2022-09-10_ACC#00001_66912     0147701477189961141477DOYST31         IF TMH SEE FAMES SMILAX   BOLL      00189961141477DOYST31         IF TMH SEE FAMES,"best global assignment on amount, date and reference agreement"
237809620098,amber,scored,1.000,495567683317,USD_2022-09-10_ACC#00001_66912     66325663250 32566D9742 088            JOQVY - BAS - DG SMILAX   GFG       VC0 32566D9742 088            JOQVY - BAS - DG,"best global assignment on amount, date and reference agreement"
289995746808,amber,scored,1.000,353611476716,USD_2022-09-10_ACC#00001_66912     0141601416175022541416MOZO637         OFF TMH SEE FAMES SMILAX   BOLL      00175022541416MOZO637         OFF TMH SEE EMEU S,"best global assignment on amount, date and reference agreement"
812057941527,amber,scored,1.000,229943581384,USD_2022-09-10_ACC#00001_66912     0147701477187493341477DODOS59         OFF TMH TIRO FAMES SMILAX   BOLL      00187493341477DODOS59         OFF TMH TIRO HAU BT,"best global assignment on amount, date and reference agreement"
394115921304,amber,scored,1.000,276049716901,USD_2022-09-10_ACC#00001_66912     0122701227185917312667DOYST31         MORIBUND VEXES WHUFF SMILAX   BOLL      00185917312667DOYST31         MORIBUND VEXES S FOMALHAUT,"best global assignment on amount, date and reference agreement"
956166204987,amber,scored,1.000,854634382371,USD_2022-09-10_ACC#00001_66912     0147701477189961341477DOYST55         IF TMH SEE FAMES SMILAX   BOLL      00189961341477DOYST55         IF TMH SEE FAMES,"best global assignment on amount, date and reference agreement"
628053646055,amber,scored,1.000,263683917974,USD_2022-09-10_ACC#00001_66912     0670806708184688814476CHARE91         MORIBUND ROTENONES S SMILAX   BOLL      00184688814476CHARE91         MORIBUND ZYGNEMA SK HYRACIFORM,"best global assignment on amount, date and reference agreement"
652213149138,amber,scored,1.000,978823227377,USD_2022-09-10_ACC#00001_66912     0147701477185918941477DOYST55         OFF TMH TIRO FAMES SMILAX   BOLL      00185918941477DOYST55         OFF TMH TIRO HAU BT,"best global assignment on amount, date and reference agreement"
97821752250,amber,scored,1.000,376238873546,USD_2022-09-10_ACC#00001_66912     66325663250 32566D5J77 088            JOQVY - ELUVIA - SMILAX   GFG       VC0 32566D5J77 088            JOQVY - ELUVIA -,"best global assignment on amount, date and reference agreement"
675809686794,amber,scored,1.000,838394530883,USD_2022-09-10_ACC#00001_66912     0614606146189647110007CHARE90         MORIBUND VEXES WHUFF SMILAX   BOLL      00189647110007CHARE90         MORIBUND VEXES S FOMALHAUT,"best global assignment on amount, date and reference agreement"
723631519535,amber,scored,1.000,45171797443,USD_2022-09-10_ACC#00001_66912     66325663250 32566D5TDL 088            JOQVY - BAS - DG SMILAX   GFG       VC0 32566D5TDL 088            JOQVY - BAS - DG,"best global assignment on amount, date and reference agreement"
443359513707,amber,scored,1.000,201555706479,USD_2022-09-10_ACC#00001_66912     0606206062185703867600FALX817         MORIBUND VEXES WHUFF SMILAX   BOLL      00185703867600FALX817         MORIBUND VEXES S FOMALHAUT,"best global assignment on amount, date and reference agreement"
7607752967,amber,scored,1.000,306511856599,USD_2022-09-10_ACC#00001_66912     0670806708182679114476CHARE53         MORIBUND ROTENONES S SMILAX   BOLL      00182679114476CHARE53         MORIBUND ZYGNEMA SK HYRACIFORM,"best global assignment on amount, date and reference agreement"
210810188484,amber,scored,1.000,9043335849,USD_2022-09-10_ACC#00001_66912     0147701477189961041477DOYST30         IF TMH SEE FAMES SMILAX   BOLL      00189961041477DOYST30         IF TMH SEE FAMES,"best global assignment on amount, date and reference agreement"
335424891869,amber,scored,1.000,878234069098,USD_2022-09-10_ACC#00001_66912     0670806708184544014476CHARE58         MORIBUND ROTENONES S SMILAX   BOLL      00184544014476CHARE58         MORIBUND ZYGNEMA SK HYRACIFORM,"best global assignment on amount, date and reference agreement"
81332838278,amber,scored,1.000,813922883684,USD_2022-09-10_ACC#00001_66912     0606206062185703267600FALX817         MORIBUND VEXES WHUFF SMILAX   BOLL      00185703267600FALX817         MORIBUND VEXES S FOMALHAUT,"best global assignment on amount, date and reference agreement"
701911985324,amber,scored,1.000,360334526519,USD_2022-09-10_ACC#00001_66912     0670806708184921714407SCOOP55         MORIBUND VEXES WHUFF SMILAX   BOLL      00184921714407SCOOP55         MORIBUND VEXES S FOMALHAUT,"best global assignment on amount, date and reference agreement"
872638224958,amber,scored,1.000,724535872633,USD_2022-09-10_ACC#00001_66912     0147701477185915841477BRAVI49         OFF TMH TIRO FAMES SMILAX   BOLL      00185915841477BRAVI49         OFF TMH TIRO HAU BT,"best global assignment on amount, date and reference agreement"
417821743097,amber,scored,1.000,440222449517,USD_2022-09-10_ACC#00001_66912     66325663250 32566D5DYR 088            JOQVY - ELUVIA - SMILAX   GFG       VC0 32566D5DYR 088            JOQVY - ELUVIA -,"best global assignment on amount, date and reference agreement"
527474854605,amber,scored,1.000,843764107690,USD_2022-09-10_ACC#00001_66912     0614606146189647110007CHARE90         MORIBUND VEXES WHUFF SMILAX   BOLL      00189647110007CHARE90         MORIBUND VEXES S FOMALHAUT,"best global assignment on amount, date and reference agreement"
294032313486,amber,scored,1.000,691261340992,USD_2022-09-10_ACC#00001_66912     0147601476189288441476                IF TMH DIP WOLD SMILAX   BOLL      00189288441476                IF TMH DIP WOLD,"best global assignment on amount, date and reference agreement"
360951691697,amber,scored,1.000,658823922670,USD_2022-09-10_ACC#00001_66912     0141401414185356780789EPEE553         MORIBUND VEXES WHUFF SMILAX   BOLL      00185356780789EPEE553         MORIBUND VEXES S FOMALHAUT,"best global assignment on amount, date and reference agreement"
170268500505,amber,scored,1.000,912399469250,USD_2022-09-10_ACC#00001_66912     0141601416175022541416MOZO637         OFF TMH SEE FAMES SMILAX   BOLL      00175022541416MOZO637         OFF TMH SEE EMEU S,"best global assignment on amount, date and reference agreement"
460307800280,amber,scored,1.000,858963365712,USD_2022-09-10_ACC#00001_66912     0147701477189967141477BRAVI49         IF TMH SEE FAMES SMILAX   BOLL      00189967141477BRAVI49         IF TMH SEE FAMES,"best global assignment on amount, date and reference agreement"
586744063414,amber,scored,1.000,786930579594,USD_2022-09-10_ACC#00001_66912     0122701227182442512667EPEE553         MORIBUND ROTENONES S SMILAX   BOLL      00182442512667EPEE553         MORIBUND ZYGNEMA SK HYRACIFORM,"best global assignment on amount, date and reference agreement"
75599670008,amber,scored,1.000,849957899362,USD_2022-09-10_ACC#00001_66912     0614606146189647110007CHARE90         MORIBUND VEXES WHUFF SMILAX   BOLL      00189647110007CHARE90         MORIBUND VEXES S FOMALHAUT,"best global assignment on amount, date and reference agreement"
538286716338,amber,scored,1.000,441136480925,USD_2022-09-10_ACC#00001_66912     66325663250 32566D5B3V 088            JOQ TREPIDATORY SMILAX   GFG       VC0 32566D5B3V 088            JOQ TREPIDATORY,"best global assignment on amount, date and reference agreement"
431418131481,amber,scored,1.000,774604320989,USD_2022-09-10_ACC#00001_66912     0670806708184530414476CHARE42         MORIBUND ROTENONES S SMILAX   BOLL      00184530414476CHARE42         MORIBUND ZYGNEMA SK HYRACIFORM,"best global assignment on amount, date and reference agreement"
116994367221,amber,scored,1.000,935432350730,USD_2022-09-10_ACC#00001_66912     0614606146189647110007CHARE90         MORIBUND VEXES WHUFF SMILAX   BOLL      00189647110007CHARE90         MORIBUND VEXES S FOMALHAUT,"best global assignment on amount, date and reference agreement"
815967874548,amber,scored,1.000,132049514907,USD_2022-09-10_ACC#00001_66912     0670806708184553614407SCOTE98         MORIBUND VEXES WHUFF SMILAX   BOLL      00184553614407SCOTE98         MORIBUND VEXES S FOMALHAUT,"best global assignment on amount, date and reference agreement"
825000279113,amber,scored,1.000,480503736800,USD_2022-09-10_ACC#00001_66912     0670806708184649914476CHARE91         MORIBUND ROTENONES S SMILAX   BOLL      00184649914476CHARE91         MORIBUND ZYGNEMA SK HYRACIFORM,"best global assignment on amount, date and reference agreement"
812177192633,amber,scored,1.000,862334947416,USD_2022-09-10_ACC#00001_66912     0147701477189961341477DOYST55         IF TMH SEE FAMES SMILAX   BOLL      00189961341477DOYST55         IF TMH SEE FAMES,"best global assignment on amount, date and reference agreement"
738082617145,amber,scored,1.000,724383994546,USD_2022-09-10_ACC#00001_66912     0670806708182609014476CHARE42         MORIBUND ROTENONES S SMILAX   BOLL      00182609014476CHARE42         MORIBUND ZYGNEMA SK HYRACIFORM,"best global assignment on amount, date and reference agreement"
381542447557,amber,scored,1.000,360458615036,USD_2022-09-10_ACC#00001_66912     0670806708184985114476SCOOP79         MORIBUND ROTENONES S SMILAX   BOLL      00184985114476SCOOP79         MORIBUND ZYGNEMA SK HYRACIFORM,"best global assignment on amount, date and reference agreement"
654604674679,amber,scored,1.000,247949488744,USD_2022-09-10_ACC#00001_66912     66325663250 32566D5RQ8 088            JOQVY - ELUVIA - SMILAX   GFG       VC0 32566D5RQ8 088            JOQVY - ELUVIA -,"best global assignment on amount, date and reference agreement"
676075475886,amber,scored,1.000,669588099584,USD_2022-09-10_ACC#00001_66912     0670806708184530714476RIGHT87         MORIBUND ROTENONES S SMILAX   BOLL      00184530714476RIGHT87         MORIBUND ZYGNEMA SK HYRACIFORM,"best global assignment on amount, date and reference agreement"
400341511994,amber,scored,1.000,673987931620,USD_2022-09-10_ACC#00001_66912     0670806708184552114407CHARE55         MORIBUND VEXES WHUFF SMILAX   BOLL      00184552114407CHARE55         MORIBUND VEXES S FOMALHAUT,"best global assignment on amount, date and reference agreement"
450315472885,amber,scored,1.000,404562786255,USD_2022-09-10_ACC#00001_66912     0670806708184555214407CHOIL18         MORIBUND ROTENONES S SMILAX   BOLL      00184555214407CHOIL18         MORIBUND ZYGNEMA SK HYRACIFORM,"best global assignment on amount, date and reference agreement"
691854696342,amber,scored,1.000,879135035502,USD_2022-09-10_ACC#00001_66912     0147701477185986441477DOYST43         OFF TMH TIRO FAMES SMILAX   BOLL      00185986441477DOYST43         OFF TMH TIRO HAU BT,"best global assignment on amount, date and reference agreement"
661168004739,amber,scored,1.000,244950312900,USD_2022-09-10_ACC#00001_66912     0122701227189987712667UNDOG21         MORIBUND ROTENONES S SMILAX   BOLL      00189987712667UNDOG21         MORIBUND ZYGNEMA SK HYRACIFORM,"best global assignment on amount, date and reference agreement"
919589713682,amber,scored,1.000,87212544182,USD_2022-09-10_ACC#00001_66912     0122701227183971712607CHARE91         MORIBUND VEXES WHUFF SMILAX   BOLL      00183971712607CHARE91         MORIBUND VEXES S FOMALHAUT,"best global assignment on amount, date and reference agreement"
215705096468,amber,scored,1.000,956241730161,USD_2022-09-10_ACC#00001_66912     0147701477189967141477BRAVI49         IF TMH SEE FAMES SMILAX   BOLL      00189967141477BRAVI49         IF TMH SEE FAMES,"best global assignment on amount, date and reference agreement"
715863368136,amber,scored,1.000,279604217102,USD_2022-09-10_ACC#00001_66912     0141601416115850741416EPEE258         OFF TMH SEE FAMES SMILAX   BOLL      00115850741416EPEE258         OFF TMH SEE EMEU S,"best global assignment on amount, date and reference agreement"
830293877493,amber,scored,1.000,987967797040,USD_2022-09-10_ACC#00001_66912     0256602566 SMILAX   FGGKR,"best global assignment on amount, date and reference agreement"
865581486382,amber,scored,1.000,964432670508,USD_2022-09-10_ACC#00001_66912     0147701477189967141477BRAVI49         IF TMH SEE FAMES SMILAX   BOLL      00189967141477BRAVI49         IF TMH SEE FAMES,"best global assignment on amount, date and reference agreement"
688231629044,amber,scored,1.000,943921792707,USD_2022-09-10_ACC#00001_66912     0122701227182905712607SKITE62         MORIBUND VEXES WHUFF SMILAX   BOLL      00182905712607SKITE62         MORIBUND VEXES S FOMALHAUT,"best global assignment on amount, date and reference agreement"
419626025979,amber,scored,1.000,264334789997,USD_2022-09-10_ACC#00001_66912     0670806708189028514474CHARE58         MORIBUND ROTENONES S SMILAX   BOLL      00189028514474CHARE58         MORIBUND ZYGNEMA SK HYRACIFORM,"best global assignment on amount, date and reference agreement"
860250483146,amber,scored,1.000,278193707791,USD_2022-09-10_ACC#00001_66912     0670806708182604914407CHARE55         MORIBUND ROTENONES S SMILAX   BOLL      00182604914407CHARE55         MORIBUND ZYGNEMA SK HYRACIFORM,"best global assignment on amount, date and reference agreement"
438198220174,amber,scored,1.000,581649504500,USD_2022-09-10_ACC#00001_66912     0603606036185936167888NACHE73         OFF TMH SEE FAMES SMILAX   BOLL      00185936167888NACHE73         OFF TMH SEE EMEU S,"best global assignment on amount, date and reference agreement"
879046733061,amber,scored,1.000,244410122256,USD_2022-09-10_ACC#00001_66912     0147701477189967341477UNDOG51         IF TMH TIRO FAMES SMILAX   BOLL      00189967341477UNDOG51         IF TMH TIRO EMEU S,"best global assignment on amount, date and reference agreement"
391704874330,amber,scored,1.000,181609873923,USD_2022-09-10_ACC#00001_66912     66325663250 32566D5J2V 088            JOQVY - ELUVIA - SMILAX   GFG       VC0 32566D5J2V 088            JOQVY - ELUVIA -,"best global assignment on amount, date and reference agreement"
224723212306,amber,scored,1.000,228952677731,USD_2022-09-10_ACC#00001_66912     0670806708184535814476SOUTH86         MORIBUND ROTENONES S SMILAX   BOLL      00184535814476SOUTH86         MORIBUND ZYGNEMA SK HYRACIFORM,"best global assignment on amount, date and reference agreement"
570683453813,amber,scored,1.000,262157714593,USD_2022-09-10_ACC#00001_66912     0676506765189831855578EPEE553         MORIBUND ROTENONES S SMILAX   BOLL      00189831855578EPEE553         MORIBUND ZYGNEMA SK HYRACIFORM,"best global assignment on amount, date and reference agreement"
261186317737,amber,scored,1.000,512933272813,USD_2022-09-10_ACC#00001_66912     0603606036189962467888ROMAN42         IF TMH SEE FAMES SMILAX   BOLL      00189962467888ROMAN42         IF TMH SEE FAMES,"best global assignment on amount, date and reference agreement"
49579202442,amber,scored,1.000,51331730192,USD_2022-09-10_ACC#00001_66912     0603606036189963967888POSSE29         IF TMH SEE FAMES SMILAX   BOLL      00189963967888POSSE29         IF TMH SEE FAMES,"best global assignment on amount, date and reference agreement"
90921709817,amber,scored,1.000,625683742587,USD_2022-09-10_ACC#00001_66912     0147701477185912141477UNDOG51         OFF TMH SEE FAMES SMILAX   BOLL      00185912141477UNDOG51         OFF TMH SEE EMEU S,"best global assignment on amount, date and reference agreement"
79287908868,amber,scored,1.000,117079946372,USD_2022-09-10_ACC#00001_66912     0638106381185906388856UNDOG35         MORIBUND VEXES WHUFF SMILAX   BOLL      00185906388856UNDOG35         MORIBUND VEXES S FOMALHAUT,"best global assignment on amount, date and reference agreement"
681891539787,amber,scored,1.000,79534632091,USD_2022-09-10_ACC#00001_66912     0670806708184538914476UNDOG08         MORIBUND VEXES WHUFF SMILAX   BOLL      00184538914476UNDOG08         MORIBUND VEXES S FOMALHAUT,"best global assignment on amount, date and reference agreement"
739814232609,amber,scored,1.000,493598153197,USD_2022-09-10_ACC#00001_66912     0670806708184532814476RIGHT40         MORIBUND ROTENONES S SMILAX   BOLL      00184532814476RIGHT40         MORIBUND ZYGNEMA SK HYRACIFORM,"best global assignment on amount, date and reference agreement"
921524567428,amber,scored,1.000,136542335497,USD_2022-09-10_ACC#00001_66912     66325663250 32566D5RUU 088            JOQVY - ELUVIA - SMILAX   GFG       VC0 32566D5RUU 088            JOQVY - ELUVIA -,"best global assignment on amount, date and reference agreement"
378067239413,amber,scored,1.000,843210661692,USD_2022-09-10_ACC#00001_66912     0670806708182187414476ATMA074         MORIBUND ROTENONES S SMILAX   BOLL      00182187414476ATMA074         MORIBUND ZYGNEMA SK HYRACIFORM,"best global assignment on amount, date and reference agreement"
756028198998,amber,scored,1.000,473489828605,USD_2022-09-10_ACC#00001_66912     0156801568182590416792THAVE96         MORIBUND ROTENONES S SMILAX   BOLL      00182590416792THAVE96         MORIBUND ZYGNEMA SK HYRACIFORM,"best global assignment on amount, date and reference agreement"
589626352434,amber,scored,1.000,955849335461,USD_2022-09-10_ACC#00001_66912     0614606146189647110007CHARE90         MORIBUND VEXES WHUFF SMILAX   BOLL      00189647110007CHARE90         MORIBUND VEXES S FOMALHAUT,"best global assignment on amount, date and reference agreement"
368333539285,amber,scored,1.000,703535202815,USD_2022-09-10_ACC#00001_66912     0670806708182692714476HUBBA89         MORIBUND ROTENONES S SMILAX   BOLL      00182692714476HUBBA89         MORIBUND ZYGNEMA SK HYRACIFORM,"best global assignment on amount, date and reference agreement"
659419801022,amber,scored,1.000,769918136931,USD_2022-09-10_ACC#00001_66912     0147701477187494341477RIGHT63         OFF TMH TIRO FAMES SMILAX   BOLL      00187494341477RIGHT63         OFF TMH TIRO HAU BT,"best global assignment on amount, date and reference agreement"
569482323664,amber,scored,1.000,567820843542,USD_2022-09-10_ACC#00001_66912     0670806708182838014471BREI169         MORIBUND ROTENONES S SMILAX   BOLL      00182838014471BREI169         MORIBUND ZYGNEMA SK HYRACIFORM,"best global assignment on amount, date and reference agreement"
64424848900,amber,scored,1.000,72437051108,USD_2022-09-10_ACC#00001_66912     0147701477189929941477HUBBA50         IF TMH SEE FAMES SMILAX   BOLL      00189929941477HUBBA50         IF TMH SEE FAMES,"best global assignment on amount, date and reference agreement"
764457622889,amber,scored,1.000,635042697729,USD_2022-09-10_ACC#00001_66912     0614606146183508710007CHARE90         MORIBUND VEXES WHUFF SMILAX   BOLL      00183508710007CHARE90         MORIBUND VEXES S FOMALHAUT,"best global assignment on amount, date and reference agreement"
225955704385,amber,scored,1.000,26314110749,USD_2022-09-10_ACC#00001_66912     0147701477185912441477MEGGY88         OFF TMH TIRO FAMES SMILAX   BOLL      00185912441477MEGGY88         OFF TMH TIRO HAU BT,"best global assignment on amount, date and reference agreement"
610368497869,amber,scored,1.000,630391241148,USD_2022-09-10_ACC#00001_66912     0147701477185837941477KELD293         OFF TMH SEE FAMES SMILAX   BOLL      00185837941477KELD293         OFF TMH SEE EMEU S,"best global assignment on amount, date and reference agreement"
654557965705,amber,scored,1.000,145632831322,USD_2022-09-10_ACC#00001_66912     0122701227182435712607SKITE62         MORIBUND VEXES WHUFF SMILAX   BOLL      00182435712607SKITE62         MORIBUND VEXES S FOMALHAUT,"best global assignment on amount, date and reference agreement"
262022254528,amber,scored,1.000,441978242701,USD_2022-09-10_ACC#00001_66912     66325663250 32566D99DT 088            JOQVY DE -ELUVIA SMILAX   GFG       VC0 32566D99DT 088            JOQVY DE -ELUVIA,"best global assignment on amount, date and reference agreement"
497226071262,amber,scored,1.000,702943226176,USD_2022-09-10_ACC#00001_66912     09999099990666H3         6666666666 SMILAX   FGGKR     FW0666H3         6666666666,"best global assignment on amount, date and reference agreement"
716742326917,amber,scored,1.000,54452570129,USD_2022-09-10_ACC#00001_66912     66325663250 32566D5J73 088            JOQVY - ELUVIA - SMILAX   GFG       VC0 32566D5J73 088            JOQVY - ELUVIA -,"best global assignment on amount, date and reference agreement"
629601398150,amber,scored,1.000,98255809000,USD_2022-09-10_ACC#00001_66912     0147701477189961341477DOYST55         IF TMH SEE FAMES SMILAX   BOLL      00189961341477DOYST55         IF TMH SEE FAMES,"best global assignment on amount, date and reference agreement"
896725346213,amber,scored,1.000,911294726059,USD_2022-09-10_ACC#00001_66912     0670806708182693614476SHOJI46         MORIBUND ROTENONES S SMILAX   BOLL      00182693614476SHOJI46         MORIBUND ZYGNEMA SK HYRACIFORM,"best global assignment on amount, date and reference agreement"
910410391841,amber,scored,1.000,848888139647,USD_2022-09-10_ACC#00001_66912     0670806708184546914476BRIST79         MORIBUND ROTENONES S SMILAX   BOLL      00184546914476BRIST79         MORIBUND ZYGNEMA SK HYRACIFORM,"best global assignment on amount, date and reference agreement"
963261408101,amber,scored,1.000,671359757175,USD_2022-09-10_ACC#00001_66912     0670806708184525714407BOAS473         MORIBUND ROTENONES S SMILAX   BOLL      00184525714407BOAS473         MORIBUND ZYGNEMA SK HYRACIFORM,"best global assignment on amount, date and reference agreement"
990496752873,amber,scored,1.000,442814425739,USD_2022-09-10_ACC#00001_66912     0632406324189834415941DOYST31         MORIBUND VEXES WHUFF SMILAX   BOLL      00189834415941DOYST31         MORIBUND VEXES S FOMALHAUT,"best global assignment on amount, date and reference agreement"
135439576722,amber,scored,1.000,333718998730,USD_2022-08-24_ACC#00001_66912     6602466024DIAULIC UBI.FTBIG ANA SEMIBALL2227714 SMILAX   GESS      RESILIENT UBI.FTBIG ANA SEMIBALL2227714,"best global assignment on amount, date and reference agreement"
701337344816,amber,scored,1.000,464046767672,USD_2022-08-21_ACC#00001_66912     0779507795 SMILAX   WAP,"best global assignment on amount, date and reference agreement"
99256241138,amber,scored,1.000,960175729741,USD_2022-09-10_ACC#00001_66912     0614606146189647110007CHARE90         MORIBUND VEXES WHUFF SMILAX   BOLL      00189647110007CHARE90         MORIBUND VEXES S FOMALHAUT,"best global assignment on amount, date and reference agreement"
522711751046,amber,scored,1.000,872949590770,USD_2022-09-07_ACC#00001_66912     02566025660666H3         6666666666 SMILAX   FGGKR     FW0666H3         6666666666,"best global assignment on amount, date and reference agreement"
172883280258,amber,scored,1.000,995777177950,USD_2022-09-10_ACC#00001_66912     66325663250 32566D5BM2 088            JOQVY - BAS - DG SMILAX   GFG       VC0 32566D5BM2 088            JOQVY - BAS - DG,"best global assignment on amount, date and reference agreement"
750514459910,amber,scored,1.000,991298312032,USD_2022-09-10_ACC#00001_66912     0614606146189647110007CHARE90         MORIBUND VEXES WHUFF SMILAX   BOLL      00189647110007CHARE90         MORIBUND VEXES S FOMALHAUT,"best global assignment on amount, date and reference agreement"
484054195752,amber,scored,1.000,143759204179,USD_2022-09-10_ACC#00001_66912     0147601476189588641476                IF TMH ENQUIRE WOLD SMILAX   BOLL      00189588641476                IF TMH ENQUIRE C TCK,"best global assignment on amount, date and reference agreement"
588454248179,amber,scored,1.000,810419276561,USD_2022-09-10_ACC#00001_66912     66325663250 32566D97S4 088            JOQVY - BAS - DG SMILAX   GFG       VC0 32566D97S4 088            JOQVY - BAS - DG,"best global assignment on amount, date and reference agreement"
386389686765,amber,scored,1.000,991930892801,USD_2022-09-10_ACC#00001_66912     66325663250 32566D5KA7 088            JOQVY - BAS - DG SMILAX   GFG       VC0 32566D5KA7 088            JOQVY - BAS - DG,"best global assignment on amount, date and reference agreement"
10270652906,amber,scored,1.000,818785582370,USD_2022-09-10_ACC#00001_66912     0147701477185915841477BRAVI49         OFF TMH TIRO FAMES SMILAX   BOLL      00185915841477BRAVI49         OFF TMH TIRO HAU BT,"best global assignment on amount, date and reference agreement"
568498715484,amber,scored,1.000,426194744063,USD_2022-09-10_ACC#00001_66912     66325663250 32566D99QV 088            ESNE - OL OGPU L SMILAX   GFG       VC0 32566D99QV 088            ESNE - OL OGPU L,"best global assignment on amount, date and reference agreement"
889655067373,amber,scored,1.000,959990954607,USD_2022-09-10_ACC#00001_66912     0147701477189961041477DOYST30         IF TMH SEE FAMES SMILAX   BOLL      00189961041477DOYST30         IF TMH SEE FAMES,"best global assignment on amount, date and reference agreement"
395613360744,amber,scored,1.000,718502196413,USD_2022-09-10_ACC#00001_66912     0073500735 SMILAX   FGGKR,"best global assignment on amount, date and reference agreement"
136449818442,amber,scored,1.000,713500186849,USD_2022-09-10_ACC#00001_66912     0694306943189043188604EPEE813         MORIBUND ROTENONES S SMILAX   BOLL      00189043188604EPEE813         MORIBUND ZYGNEMA SK HYRACIFORM,"best global assignment on amount, date and reference agreement"
2461523555,amber,scored,1.000,621004697570,USD_2022-09-10_ACC#00001_66912     0638106381185906388856UNDOG35         MORIBUND VEXES WHUFF SMILAX   BOLL      00185906388856UNDOG35         MORIBUND VEXES S FOMALHAUT,"best global assignment on amount, date and reference agreement"
335676716278,amber,scored,1.000,259627353555,USD_2022-09-10_ACC#00001_66912     0175001750182694115918MESEM35         MORIBUND VEXES WHUFF SMILAX   BOLL      00182694115918MESEM35         MORIBUND VEXES S FOMALHAUT,"best global assignment on amount, date and reference agreement"
201864482349,amber,scored,1.000,329474533255,USD_2022-09-10_ACC#00001_66912     0676506765185856915574DOYST31         MORIBUND VEXES WHUFF SMILAX   BOLL      00185856915574DOYST31         MORIBUND VEXES S FOMALHAUT,"best global assignment on amount, date and reference agreement"
329713136744,amber,scored,1.000,814827348766,USD_2022-09-10_ACC#00001_66912     0147701477185915741477ELEGY48         OFF TMH TIRO FAMES SMILAX   BOLL      00185915741477ELEGY48         OFF TMH TIRO HAU BT,"best global assignment on amount, date and reference agreement"
272309695118,amber,scored,1.000,384135120576,USD_2022-09-10_ACC#00001_66912     0670806708184558914407CHARE55         MORIBUND VEXES WHUFF SMILAX   BOLL      00184558914407CHARE55         MORIBUND VEXES S FOMALHAUT,"best global assignment on amount, date and reference agreement"
312056379661,amber,scored,1.000,903137406878,USD_2022-09-10_ACC#00001_66912     66325663250 32566D5RHP 088            JOQVY - ELUVIA - SMILAX   GFG       VC0 32566D5RHP 088            JOQVY - ELUVIA -,"best global assignment on amount, date and reference agreement"
686663464848,amber,scored,1.000,102561191428,USD_2022-09-10_ACC#00001_66912     0614606146189647110007CHARE90         MORIBUND VEXES WHUFF SMILAX   BOLL      00189647110007CHARE90         MORIBUND VEXES S FOMALHAUT,"best global assignment on amount, date and reference agreement"
649663805645,amber,scored,1.000,944010815628,USD_2022-09-10_ACC#00001_66912     66325663250 32566D5RAN 088            JOQVY - ELUVIA - SMILAX   GFG       VC0 32566D5RAN 088            JOQVY - ELUVIA -,"best global assignment on amount, date and reference agreement"
770679678933,amber,scored,1.000,970658977614,USD_2022-09-10_ACC#00001_66912     02566025660666H3         6666666666 SMILAX   FGGKR     FW0666H3         6666666666,"best global assignment on amount, date and reference agreement"
933617319030,amber,scored,1.000,716564952030,USD_2022-09-10_ACC#00001_66912     0147701477185919341477EPEE553         OFF TMH TIRO FAMES SMILAX   BOLL      00185919341477EPEE553         OFF TMH TIRO HAU BT,"best global assignment on amount, date and reference agreement"
866518433757,amber,scored,1.000,410436570822,USD_2022-09-10_ACC#00001_66912     0670806708184524514407CHARY60         MORIBUND VEXES WHUFF SMILAX   BOLL      00184524514407CHARY60         MORIBUND VEXES S FOMALHAUT,"best global assignment on amount, date and reference agreement"
127002697874,amber,scored,1.000,242011683383,USD_2022-09-10_ACC#00001_66912     0156801568185698017661CUTIN45         MORIBUND ROTENONES S SMILAX   BOLL      00185698017661CUTIN45         MORIBUND ZYGNEMA SK HYRACIFORM,"best global assignment on amount, date and reference agreement"
412737827227,amber,scored,1.000,58738953337,USD_2022-09-10_ACC#00001_66912     0638106381185900088856UNDOG35         MORIBUND ROTENONES S SMILAX   BOLL      00185900088856UNDOG35         MORIBUND ZYGNEMA SK HYRACIFORM,"best global assignment on amount, date and reference agreement"
286909285637,amber,scored,1.000,175017836657,USD_2022-09-10_ACC#00001_66912     0670806708184530814476COCT202         MORIBUND VEXES WHUFF SMILAX   BOLL      00184530814476COCT202         MORIBUND VEXES S FOMALHAUT,"best global assignment on amount, date and reference agreement"
679911090698,amber,scored,1.000,886048023279,USD_2022-09-10_ACC#00001_66912     0147701477185915841477BRAVI49         OFF TMH TIRO FAMES SMILAX   BOLL      00185915841477BRAVI49         OFF TMH TIRO HAU BT,"best global assignment on amount, date and reference agreement"
972089733480,amber,scored,1.000,716634877088,USD_2022-09-10_ACC#00001_66912     0147701477189967341477UNDOG51         IF TMH TIRO FAMES SMILAX   BOLL      00189967341477UNDOG51         IF TMH TIRO EMEU S,"best global assignment on amount, date and reference agreement"
804245478470,amber,scored,1.000,417411288672,USD_2022-09-10_ACC#00001_66912     0670806708184525514407JAUP582         MORIBUND ROTENONES S SMILAX   BOLL      00184525514407JAUP582         MORIBUND ZYGNEMA SK HYRACIFORM,"best global assignment on amount, date and reference agreement"
274634216311,amber,scored,1.000,961157887634,USD_2022-09-10_ACC#00001_66912     0670806708182694814409ATMA306         MORIBUND VEXES WHUFF SMILAX   BOLL      00182694814409ATMA306         MORIBUND VEXES S FOMALHAUT,"best global assignment on amount, date and reference agreement"
425994916087,amber,scored,1.000,56809507829,USD_2022-09-10_ACC#00001_66912     0670806708184529814407MOZO111         MORIBUND ROTENONES S SMILAX   BOLL      00184529814407MOZO111         MORIBUND ZYGNEMA SK HYRACIFORM,"best global assignment on amount, date and reference agreement"
448964462629,amber,scored,1.000,406169728452,USD_2022-09-10_ACC#00001_66912     0122001220184587112660ETCH992         MORIBUND ROTENONES S SMILAX   BOLL      00184587112660ETCH992         MORIBUND ZYGNEMA SK HYRACIFORM,"best global assignment on amount, date and reference agreement"
524036406117,amber,scored,1.000,790887672481,USD_2022-09-10_ACC#00001_66912     0638106381185906388856UNDOG35         MORIBUND VEXES WHUFF SMILAX   BOLL      00185906388856UNDOG35         MORIBUND VEXES S FOMALHAUT,"best global assignment on amount, date and reference agreement"
422650929828,amber,scored,1.000,178928243295,USD_2022-09-10_ACC#00001_66912     0147701477189609241477VINYL32         OFF TMH TIRO FAMES SMILAX   BOLL      00189609241477VINYL32         OFF TMH TIRO HAU BT,"best global assignment on amount, date and reference agreement"
374085143584,amber,scored,1.000,575533604307,USD_2022-09-10_ACC#00001_66912     0670806708184535414476CHARE58         MORIBUND ROTENONES S SMILAX   BOLL      00184535414476CHARE58         MORIBUND ZYGNEMA SK HYRACIFORM,"best global assignment on amount, date and reference agreement"
479352274436,amber,scored,1.000,543779143085,USD_2022-09-10_ACC#00001_66912     66325663250 32566D5RLO 088            JOQVY - ELUVIA - SMILAX   GFG       VC0 32566D5RLO 088            JOQVY - ELUVIA -,"best global assignment on amount, date and reference agreement"
462451450156,amber,scored,1.000,2080367770,USD_2022-09-10_ACC#00001_66912     0670806708184939714476CHARE83         MORIBUND ROTENONES S SMILAX   BOLL      00184939714476CHARE83         MORIBUND ZYGNEMA SK HYRACIFORM,"best global assignment on amount, date and reference agreement"
446538585957,amber,scored,1.000,253664650324,USD_2022-09-10_ACC#00001_66912     66325663250 32566D97MV 088            JOQVY - BAS - DG SMILAX   GFG       VC0 32566D97MV 088            JOQVY - BAS - DG,"best global assignment on amount, date and reference agreement"
741610890688,amber,scored,1.000,804738570793,USD_2022-09-10_ACC#00001_66912     0147701477189961141477DOYST31         IF TMH SEE FAMES SMILAX   BOLL      00189961141477DOYST31         IF TMH SEE FAMES,"best global assignment on amount, date and reference agreement"
95636184762,amber,scored,1.000,790882796380,USD_2022-09-10_ACC#00001_66912     02566025660666H3         6666666666 SMILAX   FGGKR     FW0666H3         6666666666,"best global assignment on amount, date and reference agreement"
259026165278,amber,scored,1.000,711880153999,USD_2022-09-10_ACC#00001_66912     0141601416189532141416MOZO637         IF TMH TIRO FAMES SMILAX   BOLL      00189532141416MOZO637         IF TMH TIRO EMEU S,"best global assignment on amount, date and reference agreement"
218306560101,amber,scored,1.000,97537288033,USD_2022-09-10_ACC#00001_66912     0670806708184937214476HUBBA30         MORIBUND ROTENONES S SMILAX   BOLL      00184937214476HUBBA30         MORIBUND ZYGNEMA SK HYRACIFORM,"best global assignment on amount, date and reference agreement"
12863962762,amber,scored,1.000,996837391916,USD_2022-09-10_ACC#00001_66912     0638106381185906388856UNDOG35         MORIBUND VEXES WHUFF SMILAX   BOLL      00185906388856UNDOG35         MORIBUND VEXES S FOMALHAUT,"best global assignment on amount, date and reference agreement"
914591502949,amber,scored,1.000,792491909335,USD_2022-09-10_ACC#00001_66912     0141601416115842341416TAXIS23         OFF TMH SEE FAMES SMILAX   BOLL      00115842341416TAXIS23         OFF TMH SEE EMEU S,"best global assignment on amount, date and reference agreement"
476555474790,amber,scored,1.000,843539346075,USD_2022-09-10_ACC#00001_66912     0638106381185900088856UNDOG35         MORIBUND ROTENONES S SMILAX   BOLL      00185900088856UNDOG35         MORIBUND ZYGNEMA SK HYRACIFORM,"best global assignment on amount, date and reference agreement"
712570224660,amber,scored,1.000,989518713158,USD_2022-09-10_ACC#00001_66912     0122701227182435112607SKITE62         MORIBUND VEXES WHUFF SMILAX   BOLL      00182435112607SKITE62         MORIBUND VEXES S FOMALHAUT,"best global assignment on amount, date and reference agreement"
466818083870,amber,scored,1.000,673087864621,USD_2022-09-10_ACC#00001_66912     0150101501182522216038BAIS681         MORIBUND ROTENONES S SMILAX   BOLL      00182522216038BAIS681         MORIBUND ZYGNEMA SK HYRACIFORM,"best global assignment on amount, date and reference agreement"
54647631575,amber,scored,1.000,8805051483,USD_2022-09-10_ACC#00001_66912     0702807028189067567463COCT061         MORIBUND ROTENONES S SMILAX   BOLL      00189067567463COCT061         MORIBUND ZYGNEMA SK HYRACIFORM,"best global assignment on amount, date and reference agreement"
832432842928,amber,scored,1.000,790076475018,USD_2022-09-10_ACC#00001_66912     0670806708184534214476CHARE91         MORIBUND VEXES WHUFF SMILAX   BOLL      00184534214476CHARE91         MORIBUND VEXES S FOMALHAUT,"best global assignment on amount, date and reference agreement"
352969736136,amber,scored,1.000,420233574982,USD_2022-09-11_ACC#00001_66912     66325663250 32566D9KUG 088            JOQVY - BAS - DG SMILAX   GFG       VC0 32566D9KUG 088            JOQVY - BAS - DG,"best global assignment on amount, date and reference agreement"
585586825140,amber,scored,1.000,826034166855,USD_2022-09-11_ACC#00001_66912     0670806708182952514476APINA87         MORIBUND VEXES WHUFF SMILAX   BOLL      00182952514476APINA87         MORIBUND VEXES S FOMALHAUT,"best global assignment on amount, date and reference agreement"
158733102027,amber,scored,1.000,528724878132,USD_2022-09-11_ACC#00001_66912     0779507795 SMILAX   WAP,"best global assignment on amount, date and reference agreement"
808649621981,amber,scored,1.000,116849615053,USD_2022-09-11_ACC#00001_66912     0122001220182512112660SKITE62         MORIBUND VEXES WHUFF SMILAX   BOLL      00182512112660SKITE62         MORIBUND VEXES S FOMALHAUT,"best global assignment on amount, date and reference agreement"
781235094297,amber,scored,0.950,223844127924,USD_2022-09-10_ACC#00001_66912     0122701227185424212607KAVI630         MORIBUND VEXES WHUFF SMILAX   BOLL      00185424212607KAVI630         MORIBUND VEXES S FOMALHAUT,"best global assignment on amount, date and reference agreement"
673989766288,amber,scored,1.000,922385804878,USD_2022-09-11_ACC#00001_66912     0670806708189073214476AUG6546         MORIBUND VEXES WHUFF SMILAX   BOLL      00189073214476AUG6546         MORIBUND VEXES S FOMALHAUT,"best global assignment on amount, date and reference agreement"
722672138217,amber,scored,1.000,85575758335,USD_2022-09-11_ACC#00001_66912     0670806708182991414476CHARE58         MORIBUND ROTENONES S SMILAX   BOLL      00182991414476CHARE58         MORIBUND ZYGNEMA SK HYRACIFORM,"best global assignment on amount, date and reference agreement"
200232472722,amber,scored,1.000,627880509827,USD_2022-09-11_ACC#00001_66912     0147701477189968441477HUBBA50         OFF TMH SEE FAMES SMILAX   BOLL      00189968441477HUBBA50         OFF TMH SEE EMEU S,"best global assignment on amount, date and reference agreement"
884233600850,amber,scored,1.000,845412433875,USD_2022-09-11_ACC#00001_66912     0256602566 SMILAX   FGGKR,"best global assignment on amount, date and reference agreement"
321958427121,amber,scored,1.000,621587867538,USD_2022-09-11_ACC#00001_66912     0147701477189967541477ELEGY48         OFF TMH TIRO FAMES SMILAX   BOLL      00189967541477ELEGY48         OFF TMH TIRO HAU BT,"best global assignment on amount, date and reference agreement"
198339399889,amber,scored,1.000,645628137086,USD_2022-09-11_ACC#00001_66912     0156801568136617917661DOYST31         MORIBUND ROTENONES S SMILAX   BOLL      00136617917661DOYST31         MORIBUND ZYGNEMA SK HYRACIFORM,"best global assignment on amount, date and reference agreement"
316565121279,amber,scored,1.000,415113171570,USD_2022-09-11_ACC#00001_66912     0676506765189844715574DOYST31         MORIBUND VEXES WHUFF SMILAX   BOLL      00189844715574DOYST31         MORIBUND VEXES S FOMALHAUT,"best global assignment on amount, date and reference agreement"
236546651648,amber,scored,1.000,634081723644,USD_2022-09-11_ACC#00001_66912     0122001220185686012660JAUP130         MORIBUND VEXES WHUFF SMILAX   BOLL      00185686012660JAUP130         MORIBUND VEXES S FOMALHAUT,"best global assignment on amount, date and reference agreement"
9112696014,amber,scored,1.000,313734599181,USD_2022-09-11_ACC#00001_66912     0670806708182996414476CUCA095         MORIBUND ROTENONES S SMILAX   BOLL      00182996414476CUCA095         MORIBUND ZYGNEMA SK HYRACIFORM,"best global assignment on amount, date and reference agreement"
840460710101,amber,scored,1.000,553082781572,USD_2022-09-11_ACC#00001_66912     0670806708182993414476SHOJI46         MORIBUND ROTENONES S SMILAX   BOLL      00182993414476SHOJI46         MORIBUND ZYGNEMA SK HYRACIFORM,"best global assignment on amount, date and reference agreement"
16919755091,amber,scored,1.000,600816418365,USD_2022-09-11_ACC#00001_66912     0603606036136574767888VELIC90         IF TMH SEE FAMES SMILAX   BOLL      00136574767888VELIC90         IF TMH SEE FAMES,"best global assignment on amount, date and reference agreement"
412527464511,amber,scored,1.000,748289765408,USD_2022-09-11_ACC#00001_66912     0122701227189732312607KAVI626         MORIBUND VEXES WHUFF SMILAX   BOLL      00189732312607KAVI626         MORIBUND VEXES S FOMALHAUT,"best global assignment on amount, date and reference agreement"
629090481571,amber,scored,1.000,60735235278,USD_2022-09-11_ACC#00001_66912     6682866828SHAMESICK FROM JAUN UNFED   JOQOEV HUMP FGDK SMILAX   FGGQQ     PHOTOACTIVE FROM JAUN UNFED   JOQOEV HUMP FGDK               029666012966666666,"best global assignment on amount, date and reference agreement"
773741551727,amber,scored,0.950,469590088694,USD_2022-09-10_ACC#00001_66912     0670806708184525514407JAUP582         MORIBUND ROTENONES S SMILAX   BOLL      00184525514407JAUP582         MORIBUND ZYGNEMA SK HYRACIFORM,"best global assignment on amount, date and reference agreement"
362657518156,amber,scored,1.000,243602964681,USD_2022-09-11_ACC#00001_66912     0670806708184529514407GULA843         MORIBUND ROTENONES S SMILAX   BOLL      00184529514407GULA843         MORIBUND ZYGNEMA SK HYRACIFORM,"best global assignment on amount, date and reference agreement"
269092890690,amber,scored,1.000,602485076210,USD_2022-09-11_ACC#00001_66912     02566025660666H3         6666666666 SMILAX   FGGKR     FW0666H3         6666666666,"best global assignment on amount, date and reference agreement"
145888653546,amber,scored,1.000,58578882382,USD_2022-09-11_ACC#00001_66912     0646406464189659361008MEGGY19         MORIBUND ROTENONES S SMILAX   BOLL      00189659361008MEGGY19         MORIBUND ZYGNEMA SK HYRACIFORM,"best global assignment on amount, date and reference agreement"
755709741121,amber,scored,1.000,460718489234,USD_2022-09-11_ACC#00001_66912     02566025660666H3         6666666666 SMILAX   FGGKR     FW0666H3         6666666666,"best global assignment on amount, date and reference agreement"
492162040754,amber,scored,1.000,848857464607,USD_2022-09-11_ACC#00001_66912     0122001220185688712660COCT157         MORIBUND VEXES WHUFF SMILAX   BOLL      00185688712660COCT157         MORIBUND VEXES S FOMALHAUT,"best global assignment on amount, date and reference agreement"
792515659518,amber,scored,1.000,587012796545,USD_2022-09-11_ACC#00001_66912     0608206082185123867399CANGY28         MORIBUND ROTENONES S SMILAX   BOLL      00185123867399CANGY28         MORIBUND ZYGNEMA SK HYRACIFORM,"best global assignment on amount, date and reference agreement"
265184064608,amber,scored,1.000,187008291117,USD_2022-09-11_ACC#00001_66912     0670806708136571614470SHOWD61         MORIBUND VEXES WHUFF SMILAX   BOLL      00136571614470SHOWD61         MORIBUND VEXES S FOMALHAUT,"best global assignment on amount, date and reference agreement"
140365320213,amber,scored,1.000,786401606402,USD_2022-09-11_ACC#00001_66912     0608206082185186767399BREI813         MORIBUND ROTENONES S SMILAX   BOLL      00185186767399BREI813         MORIBUND ZYGNEMA SK HYRACIFORM,"best global assignment on amount, date and reference agreement"
737989397925,amber,scored,1.000,261107019306,USD_2022-09-11_ACC#00001_66912     0999909999 SMILAX   FGGKR,"best global assignment on amount, date and reference agreement"
354391220220,amber,scored,0.950,425023228262,USD_2022-09-10_ACC#00001_66912     0670806708182693514476NAUT308         MORIBUND ROTENONES S SMILAX   BOLL      00182693514476NAUT308         MORIBUND ZYGNEMA SK HYRACIFORM,"best global assignment on amount, date and reference agreement"
41131490751,amber,scored,1.000,335585477301,USD_2022-09-11_ACC#00001_66912     0646406464185117461008FUGIT75         MORIBUND ROTENONES S SMILAX   BOLL      00185117461008FUGIT75         MORIBUND ZYGNEMA SK HYRACIFORM,"best global assignment on amount, date and reference agreement"
20823651334,amber,scored,1.000,32542402143,USD_2022-09-11_ACC#00001_66912     0122001220182587412660COCT160         MORIBUND ROTENONES S SMILAX   BOLL      00182587412660COCT160         MORIBUND ZYGNEMA SK HYRACIFORM,"best global assignment on amount, date and reference agreement"
443544504867,amber,scored,1.000,806491820611,USD_2022-09-11_ACC#00001_66912     0147701477136973941477MOZO702         IF TMH SEE FAMES SMILAX   BOLL      00136973941477MOZO702         IF TMH SEE FAMES,"best global assignment on amount, date and reference agreement"
120462602553,amber,scored,1.000,89565874172,USD_2022-09-11_ACC#00001_66912     0670806708182994114476HUBBA32         MORIBUND VEXES WHUFF SMILAX   BOLL      00182994114476HUBBA32         MORIBUND VEXES S FOMALHAUT,"best global assignment on amount, date and reference agreement"
262382097453,amber,scored,1.000,924427487999,USD_2022-09-11_ACC#00001_66912     66325663250 32566D9BR4 088            JOQVY - BAS - DG SMILAX   GFG       VC0 32566D9BR4 088            JOQVY - BAS - DG,"best global assignment on amount, date and reference agreement"
907991396427,amber,scored,1.000,894111893787,USD_2022-09-11_ACC#00001_66912     0603606036136575367888POSSE29         IF TMH SEE FAMES SMILAX   BOLL      00136575367888POSSE29         IF TMH SEE FAMES,"best global assignment on amount, date and reference agreement"
617168322956,amber,scored,1.000,624584640839,USD_2022-09-11_ACC#00001_66912     0156801568189528417661DOYST31         MORIBUND ROTENONES S SMILAX   BOLL      00189528417661DOYST31         MORIBUND ZYGNEMA SK HYRACIFORM,"best global assignment on amount, date and reference agreement"
933928157978,amber,scored,1.000,780233505621,USD_2022-09-11_ACC#00001_66912     0670806708185647514476CROWL13         MORIBUND ROTENONES S SMILAX   BOLL      00185647514476CROWL13         MORIBUND ZYGNEMA SK HYRACIFORM,"best global assignment on amount, date and reference agreement"
67378177018,amber,scored,1.000,30271829775,USD_2022-09-11_ACC#00001_66912     0670806708182951514476KERCH33         MORIBUND ROTENONES S SMILAX   BOLL      00182951514476KERCH33         MORIBUND ZYGNEMA SK HYRACIFORM,"best global assignment on amount, date and reference agreement"
500301209486,amber,scored,1.000,103913896888,USD_2022-09-11_ACC#00001_66912     0670806708184921914407GULA843         MORIBUND ROTENONES S SMILAX   BOLL      00184921914407GULA843         MORIBUND ZYGNEMA SK HYRACIFORM,"best global assignment on amount, date and reference agreement"
278131473402,amber,scored,1.000,737839912615,USD_2022-09-11_ACC#00001_66912     0670806708182993714476CHARE58         MORIBUND ROTENONES S SMILAX   BOLL      00182993714476CHARE58         MORIBUND ZYGNEMA SK HYRACIFORM,"best global assignment on amount, date and reference agreement"
122479190170,amber,scored,1.000,138255276133,USD_2022-09-11_ACC#00001_66912     0999909999 SMILAX   FGGKR,"best global assignment on amount, date and reference agreement"
633684394541,amber,scored,1.000,599639217279,USD_2022-09-11_ACC#00001_66912     0147701477189929041477HUBBA50         OFF TMH TIRO FAMES SMILAX   BOLL      00189929041477HUBBA50         OFF TMH TIRO HAU BT,"best global assignment on amount, date and reference agreement"
316840645632,amber,scored,1.000,700851224471,USD_2022-09-11_ACC#00001_66912     0603706037185118667050CLYER24         MORIBUND VEXES WHUFF SMILAX   BOLL      00185118667050CLYER24         MORIBUND VEXES S FOMALHAUT,"best global assignment on amount, date and reference agreement"
296639982959,amber,scored,1.000,28615513603,USD_2022-09-11_ACC#00001_66912     0670806708182955614476CHARE58         MORIBUND ROTENONES S SMILAX   BOLL      00182955614476CHARE58         MORIBUND ZYGNEMA SK HYRACIFORM,"best global assignment on amount, date and reference agreement"
810345694111,amber,scored,1.000,189454437637,USD_2022-09-11_ACC#00001_66912     0976909769185655219262KAVI640         MORIBUND ROTENONES S SMILAX   BOLL      00185655219262KAVI640         MORIBUND ZYGNEMA SK HYRACIFORM,"best global assignment on amount, date and reference agreement"
614112954105,amber,scored,1.000,723778996948,USD_2022-09-10_ACC#00001_66912     0670806708184552014407POSSE37         MORIBUND ROTENONES S SMILAX   BOLL      00184552014407POSSE37         MORIBUND ZYGNEMA SK HYRACIFORM,"best global assignment on amount, date and reference agreement"
607396536116,amber,scored,1.000,400190519866,USD_2022-09-11_ACC#00001_66912     0670806708182951314476APINA87         MORIBUND VEXES WHUFF SMILAX   BOLL      00182951314476APINA87         MORIBUND VEXES S FOMALHAUT,"best global assignment on amount, date and reference agreement"
534605612075,amber,scored,1.000,259392685326,USD_2022-09-11_ACC#00001_66912     0670806708185175314476CHARE53         MORIBUND ROTENONES S SMILAX   BOLL      00185175314476CHARE53         MORIBUND ZYGNEMA SK HYRACIFORM,"best global assignment on amount, date and reference agreement"
90233785117,amber,scored,1.000,618553981807,USD_2022-09-11_ACC#00001_66912     0608206082185123467399BAIS127         MORIBUND ROTENONES S SMILAX   BOLL      00185123467399BAIS127         MORIBUND ZYGNEMA SK HYRACIFORM,"best global assignment on amount, date and reference agreement"
461512775672,amber,scored,1.000,317325665848,USD_2022-09-11_ACC#00001_66912     0147601476136229641476                IF TMH DIP WOLD SMILAX   BOLL      00136229641476                IF TMH DIP WOLD,"best global assignment on amount, date and reference agreement"
502668630417,amber,scored,1.000,604768510465,USD_2022-09-11_ACC#00001_66912     02566025660666H3         6666666666 SMILAX   FGGKR     FW0666H3         6666666666,"best global assignment on amount, date and reference agreement"
208115777116,amber,scored,1.000,281963543072,USD_2022-09-11_ACC#00001_66912     0156801568136568617661DOYST31         MORIBUND ROTENONES S SMILAX   BOLL      00136568617661DOYST31         MORIBUND ZYGNEMA SK HYRACIFORM,"best global assignment on amount, date and reference agreement"
116169068915,amber,scored,1.000,56028568600,USD_2022-09-11_ACC#00001_66912     0147701477189961741477DOYST30         OFF TMH TIRO FAMES SMILAX   BOLL      00189961741477DOYST30         OFF TMH TIRO HAU BT,"best global assignment on amount, date and reference agreement"
146601023865,amber,scored,0.950,321284366177,USD_2022-09-11_ACC#00001_66912     0670806708185662214476BRIST79         MORIBUND VEXES WHUFF SMILAX   BOLL      00185662214476BRIST79         MORIBUND VEXES S FOMALHAUT,"best global assignment on amount, date and reference agreement"
632681439056,amber,scored,1.000,442550676694,USD_2022-09-11_ACC#00001_66912     0646406464185110461008FUGIT75         MORIBUND ROTENONES S SMILAX   BOLL      00185110461008FUGIT75         MORIBUND ZYGNEMA SK HYRACIFORM,"best global assignment on amount, date and reference agreement"
268005161184,amber,scored,1.000,748840744994,USD_2022-09-11_ACC#00001_66912     0670806708185643414476UNDOG08         MORIBUND ROTENONES S SMILAX   BOLL      00185643414476UNDOG08         MORIBUND ZYGNEMA SK HYRACIFORM,"best global assignment on amount, date and reference agreement"
17903869745,amber,scored,1.000,948264156967,USD_2022-09-11_ACC#00001_66912     09999099990666H3         6666666666 SMILAX   FGGKR     FW0666H3         6666666666,"best global assignment on amount, date and reference agreement"
685622626122,amber,scored,1.000,336949398560,USD_2022-09-11_ACC#00001_66912     0147701477136503041477VINYL32         IF TMH SEE FAMES SMILAX   BOLL      00136503041477VINYL32         IF TMH SEE FAMES,"best global assignment on amount, date and reference agreement"
410373194327,amber,scored,1.000,901076966620,USD_2022-09-11_ACC#00001_66912     0147701477136522041477HUBBA50         IF TMH SEE FAMES SMILAX   BOLL      00136522041477HUBBA50         IF TMH SEE FAMES,"best global assignment on amount, date and reference agreement"
929935482197,amber,scored,1.000,255752436212,USD_2022-09-11_ACC#00001_66912     0122001220185572912660JADE420         MORIBUND VEXES WHUFF SMILAX   BOLL      00185572912660JADE420         MORIBUND VEXES S FOMALHAUT,"best global assignment on amount, date and reference agreement"
186856049971,amber,scored,0.950,212196299128,USD_2022-09-10_ACC#00001_P 66912     0614606146183498110007CHARE90         MORIBUND ROTENONES S,"best global assignment on amount, date and reference agreement"
957378169676,amber,scored,1.000,28486210755,USD_2022-09-11_ACC#00001_66912     02566025660666H3         6666666666 SMILAX   FGGKR     FW0666H3         6666666666,"best global assignment on amount, date and reference agreement"
756082800087,amber,scored,0.950,281904766138,USD_2022-09-10_ACC#00001_66912     0670806708184532914476BREI006         MORIBUND VEXES WHUFF SMILAX   BOLL      00184532914476BREI006         MORIBUND VEXES S FOMALHAUT,"best global assignment on amount, date and reference agreement"
447347334209,amber,scored,1.000,154973895496,USD_2022-09-11_ACC#00001_66912     0976909769185601119262CAITE82         MORIBUND ROTENONES S SMILAX   BOLL      00185601119262CAITE82         MORIBUND ZYGNEMA SK HYRACIFORM,"best global assignment on amount, date and reference agreement"
380227501119,amber,scored,1.000,882001151104,USD_2022-09-11_ACC#00001_66912     0256602566 SMILAX   FGGKR,"best global assignment on amount, date and reference agreement"
156534131406,amber,scored,1.000,76305836679,USD_2022-09-11_ACC#00001_66912     66325663250 32566D9VTI 088            JOQVY - ELUVIA - SMILAX   GFG       VC0 32566D9VTI 088            JOQVY - ELUVIA -,"best global assignment on amount, date and reference agreement"
76449812663,amber,scored,1.000,224221327463,USD_2022-09-11_ACC#00001_66912     0147701477136504741477DOYST43         IF TMH SEE FAMES SMILAX   BOLL      00136504741477DOYST43         IF TMH SEE FAMES,"best global assignment on amount, date and reference agreement"
698380442593,amber,scored,1.000,630619938393,USD_2022-09-11_ACC#00001_66912     0122701227182295912607SKITE62         MORIBUND VEXES WHUFF SMILAX   BOLL      00182295912607SKITE62         MORIBUND VEXES S FOMALHAUT,"best global assignment on amount, date and reference agreement"
660066666854,amber,scored,1.000,857248305869,USD_2022-09-11_ACC#00001_66912     02566025660666H3         6666666666 SMILAX   FGGKR     FW0666H3         6666666666,"best global assignment on amount, date and reference agreement"
84665988359,amber,scored,1.000,731582592535,USD_2022-09-11_ACC#00001_66912     0147601476136222641476                IF TMH DIP WOLD SMILAX   BOLL      00136222641476                IF TMH DIP WOLD,"best global assignment on amount, date and reference agreement"
598303830215,amber,scored,0.950,545096610385,USD_2022-09-10_ACC#00001_66912     0122701227182295912607SKITE62         MORIBUND VEXES WHUFF SMILAX   BOLL      00182295912607SKITE62         MORIBUND VEXES S FOMALHAUT,"best global assignment on amount, date and reference agreement"
561585100515,amber,scored,1.000,237519583274,USD_2022-09-11_ACC#00001_66912     0147701477136917841477EPEE553         IF TMH SEE FAMES SMILAX   BOLL      00136917841477EPEE553         IF TMH SEE FAMES,"best global assignment on amount, date and reference agreement"
892812292568,amber,scored,1.000,44710152082,USD_2022-09-11_ACC#00001_66912     0147701477136501541477DOYST30         IF TMH SEE FAMES SMILAX   BOLL      00136501541477DOYST30         IF TMH SEE FAMES,"best global assignment on amount, date and reference agreement"
773924016797,amber,scored,1.000,561320388174,USD_2022-09-11_ACC#00001_66912     0670806708182951014476CHARE83         MORIBUND ROTENONES S SMILAX   BOLL      00182951014476CHARE83         MORIBUND ZYGNEMA SK HYRACIFORM,"best global assignment on amount, date and reference agreement"
582768101143,amber,scored,1.000,525444872026,USD_2022-09-11_ACC#00001_66912     0646406464189694461008MEGGY19         MORIBUND ROTENONES S SMILAX   BOLL      00189694461008MEGGY19         MORIBUND ZYGNEMA SK HYRACIFORM,"best global assignment on amount, date and reference agreement"
253573778251,amber,scored,1.000,613179916921,USD_2022-09-11_ACC#00001_66912     0156801568189851917661DOYST31         MORIBUND ROTENONES S SMILAX   BOLL      00189851917661DOYST31         MORIBUND ZYGNEMA SK HYRACIFORM,"best global assignment on amount, date and reference agreement"
735102202978,amber,scored,1.000,552811205350,USD_2022-09-11_ACC#00001_66912     66325663250 32566D9UK1 088            JOQVY - BAS - SF SMILAX   GFG       VC0 32566D9UK1 088            JOQVY - BAS - SF,"best global assignment on amount, date and reference agreement"
66550439301,amber,scored,1.000,285779367161,USD_2022-09-11_ACC#00001_66912     0156701567183334216034ROHOB37         MORIBUND VEXES WHUFF SMILAX   BOLL      00183334216034ROHOB37         MORIBUND VEXES S FOMALHAUT,"best global assignment on amount, date and reference agreement"
146610852909,amber,scored,1.000,313759380667,USD_2022-09-11_ACC#00001_66912     0670806708182958514476DODOS98         MORIBUND ROTENONES S SMILAX   BOLL      00182958514476DODOS98         MORIBUND ZYGNEMA SK HYRACIFORM,"best global assignment on amount, date and reference agreement"
877834676872,amber,scored,1.000,870767730359,USD_2022-09-11_ACC#00001_66912     0608206082185186067399BREI813         MORIBUND ROTENONES S SMILAX   BOLL      00185186067399BREI813         MORIBUND ZYGNEMA SK HYRACIFORM,"best global assignment on amount, date and reference agreement"
773532037496,amber,scored,1.000,77466672607,USD_2022-09-11_ACC#00001_66912     0670806708185172414476SHOJI46         MORIBUND ROTENONES S SMILAX   BOLL      00185172414476SHOJI46         MORIBUND ZYGNEMA SK HYRACIFORM,"best global assignment on amount, date and reference agreement"
185316990902,amber,scored,1.000,458515132604,USD_2022-09-11_ACC#00001_66912     0646406464189652461008MEGGY19         MORIBUND ROTENONES S SMILAX   BOLL      00189652461008MEGGY19         MORIBUND ZYGNEMA SK HYRACIFORM,"best global assignment on amount, date and reference agreement"
717119287831,amber,scored,1.000,815952546086,USD_2022-09-11_ACC#00001_66912     0147701477136503241477HUBBA50         IF TMH TIRO FAMES SMILAX   BOLL      00136503241477HUBBA50         IF TMH TIRO EMEU S,"best global assignment on amount, date and reference agreement"
338692158858,amber,scored,1.000,844516986126,USD_2022-09-11_ACC#00001_66912     0156801568189284417667DOYST30         MORIBUND VEXES WHUFF SMILAX   BOLL      00189284417667DOYST30         MORIBUND VEXES S FOMALHAUT,"best global assignment on amount, date and reference agreement"
755953790094,amber,scored,1.000,792311906915,USD_2022-09-11_ACC#00001_66912     0256602566 SMILAX   FGGKR,"best global assignment on amount, date and reference agreement"
460550573491,amber,scored,1.000,154148612866,USD_2022-09-11_ACC#00001_66912     0600606006185243867040AMAGA21         MORIBUND ROTENONES S SMILAX   BOLL      00185243867040AMAGA21         MORIBUND ZYGNEMA SK HYRACIFORM,"best global assignment on amount, date and reference agreement"
476503989604,amber,scored,1.000,777634065662,USD_2022-09-11_ACC#00001_66912     0122001220189843012660GLG1230         MORIBUND ROTENONES S SMILAX   BOLL      00189843012660GLG1230         MORIBUND ZYGNEMA SK HYRACIFORM,"best global assignment on amount, date and reference agreement"
361540264049,amber,scored,1.000,203133789111,USD_2022-09-11_ACC#00001_66912     0147701477136522141477HUBBA50         IF TMH SEE FAMES SMILAX   BOLL      00136522141477HUBBA50         IF TMH SEE FAMES,"best global assignment on amount, date and reference agreement"
298452718432,amber,scored,1.000,274111244733,USD_2022-09-11_ACC#00001_66912     0670806708184949214476BREI006         MORIBUND VEXES WHUFF SMILAX   BOLL      00184949214476BREI006         MORIBUND VEXES S FOMALHAUT,"best global assignment on amount, date and reference agreement"
609330953295,amber,scored,1.000,51217533246,USD_2022-09-11_ACC#00001_66912     0156801568189914117661DOYST31         MORIBUND VEXES WHUFF SMILAX   BOLL      00189914117661DOYST31         MORIBUND VEXES S FOMALHAUT,"best global assignment on amount, date and reference agreement"
786865274184,amber,scored,1.000,631185471587,USD_2022-09-11_ACC#00001_66912     66325663250 32566D9ZN1 088            JOQVY - BAS - DG SMILAX   GFG       VC0 32566D9ZN1 088            JOQVY - BAS - DG,"best global assignment on amount, date and reference agreement"
681208934571,amber,scored,1.000,28350413980,USD_2022-09-11_ACC#00001_66912     0670806708182957414476DOYST78         MORIBUND ROTENONES S SMILAX   BOLL      00182957414476DOYST78         MORIBUND ZYGNEMA SK HYRACIFORM,"best global assignment on amount, date and reference agreement"
542446607972,amber,scored,1.000,865760677659,USD_2022-09-11_ACC#00001_66912     0608206082185123767399CANGY28         MORIBUND ROTENONES S SMILAX   BOLL      00185123767399CANGY28         MORIBUND ZYGNEMA SK HYRACIFORM,"best global assignment on amount, date and reference agreement"
516230833241,amber,scored,0.950,340410767018,USD_2022-09-10_ACC#00001_66912     0675406754182636267323MOVE100         MORIBUND ROTENONES S SMILAX   BOLL      00182636267323MOVE100         MORIBUND ZYGNEMA SK HYRACIFORM,"best global assignment on amount, date and reference agreement"
872604693075,amber,scored,1.000,191845864509,USD_2022-09-11_ACC#00001_66912     0670806708184539014476APINA87         MORIBUND VEXES WHUFF SMILAX   BOLL      00184539014476APINA87         MORIBUND VEXES S FOMALHAUT,"best global assignment on amount, date and reference agreement"
580608608863,amber,scored,1.000,892898524515,USD_2022-09-11_ACC#00001_66912     0999909999 SMILAX   FGGKR,"best global assignment on amount, date and reference agreement"
442738423356,amber,scored,1.000,434260597332,USD_2022-09-11_ACC#00001_66912     66325663250 32566D9ERV 088            JOQVY - BAS - DG SMILAX   GFG       VC0 32566D9ERV 088            JOQVY - BAS - DG,"best global assignment on amount, date and reference agreement"
89131306662,amber,scored,1.000,108065155048,USD_2022-09-11_ACC#00001_66912     0156801568189475317667DOYST30         MORIBUND ROTENONES S SMILAX   BOLL      00189475317667DOYST30         MORIBUND ZYGNEMA SK HYRACIFORM,"best global assignment on amount, date and reference agreement"
459942932010,amber,scored,1.000,465014189991,USD_2022-09-11_ACC#00001_66912     0256602566 SMILAX   FGGKR,"best global assignment on amount, date and reference agreement"
86876801128,amber,scored,1.000,275265926077,USD_2022-09-11_ACC#00001_66912     0670806708184523914407GULA006         MORIBUND VEXES WHUFF SMILAX   BOLL      00184523914407GULA006         MORIBUND VEXES S FOMALHAUT,"best global assignment on amount, date and reference agreement"
515562744995,amber,scored,1.000,902190497964,USD_2022-09-11_ACC#00001_66912     0670806708185608814474DOYST67         MORIBUND ROTENONES S SMILAX   BOLL      00185608814474DOYST67         MORIBUND ZYGNEMA SK HYRACIFORM,"best global assignment on amount, date and reference agreement"
577151679451,amber,scored,1.000,971409542756,USD_2022-09-11_ACC#00001_66912     0122001220136837212660BAIS086         MORIBUND VEXES WHUFF SMILAX   BOLL      00136837212660BAIS086         MORIBUND VEXES S FOMALHAUT,"best global assignment on amount, date and reference agreement"
197318491182,amber,scored,1.000,30354700733,USD_2022-09-11_ACC#00001_66912     02566025660666H3         6666666666 SMILAX   FGGKR     FW0666H3         6666666666,"best global assignment on amount, date and reference agreement"
723242618516,amber,scored,1.000,555894435185,USD_2022-09-11_ACC#00001_66912     02566025660666H3         6666666666 SMILAX   FGGKR     FW0666H3         6666666666,"best global assignment on amount, date and reference agreement"
799812135575,amber,scored,1.000,598603607538,USD_2022-09-11_ACC#00001_66912     0676506765189849155570EPEE553         MORIBUND ROTENONES S SMILAX   BOLL      00189849155570EPEE553         MORIBUND ZYGNEMA SK HYRACIFORM,"best global assignment on amount, date and reference agreement"
135761107340,amber,scored,1.000,197749651669,USD_2022-09-11_ACC#00001_66912     0670806708182990514476CHARE58         MORIBUND ROTENONES S SMILAX   BOLL      00182990514476CHARE58         MORIBUND ZYGNEMA SK HYRACIFORM,"best global assignment on amount, date and reference agreement"
252559173450,amber,scored,1.000,48967424595,USD_2022-09-11_ACC#00001_66912     0670806708185179014476ELVAN48         MORIBUND ROTENONES S SMILAX   BOLL      00185179014476ELVAN48         MORIBUND ZYGNEMA SK HYRACIFORM,"best global assignment on amount, date and reference agreement"
798847713982,amber,scored,1.000,152295942971,USD_2022-09-11_ACC#00001_66912     02566025660666H3         6666666666 SMILAX   FGGKR     FW0666H3         6666666666,"best global assignment on amount, date and reference agreement"
550113796265,amber,scored,1.000,511621537522,USD_2022-09-11_ACC#00001_66912     0122701227189732612607KAVI626         MORIBUND VEXES WHUFF SMILAX   BOLL      00189732612607KAVI626         MORIBUND VEXES S FOMALHAUT,"best global assignment on amount, date and reference agreement"
642500914319,amber,scored,1.000,796888452918,USD_2022-09-11_ACC#00001_66912     0676506765136131655578DOYST31         MORIBUND VEXES WHUFF SMILAX   BOLL      00136131655578DOYST31         MORIBUND VEXES S FOMALHAUT,"best global assignment on amount, date and reference agreement"
176678913099,amber,scored,1.000,258630467331,USD_2022-09-11_ACC#00001_66912     0256602566 SMILAX   FGGKR,"best global assignment on amount, date and reference agreement"
383797396880,amber,scored,1.000,434099429234,USD_2022-09-11_ACC#00001_66912     0670806708185179314476SAUM802         MORIBUND VEXES WHUFF SMILAX   BOLL      00185179314476SAUM802         MORIBUND VEXES S FOMALHAUT,"best global assignment on amount, date and reference agreement"
229325188889,amber,scored,1.000,5241960153,USD_2022-09-11_ACC#00001_66912     6682866828SHAMESICK FROM JAUN UNFED   JOQ ANNAT CITE SMILAX   FGGQQ     PHOTOACTIVE FROM JAUN UNFED   JOQ ANNAT CITE                 029666664166666666,"best global assignment on amount, date and reference agreement"
845575297048,amber,scored,1.000,811500655562,USD_2022-09-11_ACC#00001_66912     0256602566 SMILAX   FGGKR,"best global assignment on amount, date and reference agreement"
123407910143,amber,scored,1.000,172527905354,USD_2022-09-11_ACC#00001_66912     0670806708184550314407GULA843         MORIBUND VEXES WHUFF SMILAX   BOLL      00184550314407GULA843         MORIBUND VEXES S FOMALHAUT,"best global assignment on amount, date and reference agreement"
528578131098,amber,scored,1.000,430434130290,USD_2022-09-11_ACC#00001_66912     66325663250 32566D9UYQ 088            JOQVY - BAS - DG SMILAX   GFG       VC0 32566D9UYQ 088            JOQVY - BAS - DG,"best global assignment on amount, date and reference agreement"
56789364868,amber,scored,1.000,232794642873,USD_2022-09-11_ACC#00001_66912     0122001220185600212660HUBBA85         MORIBUND ROTENONES S SMILAX   BOLL      00185600212660HUBBA85         MORIBUND ZYGNEMA SK HYRACIFORM,"best global assignment on amount, date and reference agreement"
401837997921,amber,scored,1.000,176852685827,USD_2022-09-11_ACC#00001_66912     0256602566 SMILAX   FGGKR,"best global assignment on amount, date and reference agreement"
396925351699,amber,scored,1.000,374701233669,USD_2022-09-11_ACC#00001_66912     66325663250 32566D9ERM 088            JOQVY - BAS - DG SMILAX   GFG       VC0 32566D9ERM 088            JOQVY - BAS - DG,"best global assignment on amount, date and reference agreement"
976670557726,amber,scored,1.000,883723560802,USD_2022-09-11_ACC#00001_66912     0122701227189733912607KAVI626         MORIBUND VEXES WHUFF SMILAX   BOLL      00189733912607KAVI626         MORIBUND VEXES S FOMALHAUT,"best global assignment on amount, date and reference agreement"
922407983101,amber,scored,1.000,737384261220,USD_2022-09-11_ACC#00001_66912     09999099990666H3         6666666666 SMILAX   FGGKR     FW0666H3         6666666666,"best global assignment on amount, date and reference agreement"
939178071313,amber,scored,1.000,778718234740,USD_2022-09-11_ACC#00001_66912     02566025660666H3         6666666666 SMILAX   FGGKR     FW0666H3         6666666666,"best global assignment on amount, date and reference agreement"
545602746052,amber,scored,1.000,53925478910,USD_2022-09-11_ACC#00001_66912     0646406464189690161008MEGGY19         MORIBUND ROTENONES S SMILAX   BOLL      00189690161008MEGGY19         MORIBUND ZYGNEMA SK HYRACIFORM,"best global assignment on amount, date and reference agreement"
661860184761,amber,scored,1.000,497372726254,USD_2022-09-11_ACC#00001_66912     0670806708115327114407KELD729         MORIBUND VEXES WHUFF SMILAX   BOLL      00115327114407KELD729         MORIBUND VEXES S FOMALHAUT,"best global assignment on amount, date and reference agreement"
227122695750,amber,scored,1.000,808294896267,USD_2022-09-11_ACC#00001_66912     02566025660666H3         6666666666 SMILAX   FGGKR     FW0666H3         6666666666,"best global assignment on amount, date and reference agreement"
721458980825,amber,scored,1.000,654806139732,USD_2022-09-11_ACC#00001_66912     0670806708184528414407GULA006         MORIBUND ROTENONES S SMILAX   BOLL      00184528414407GULA006         MORIBUND ZYGNEMA SK HYRACIFORM,"best global assignment on amount, date and reference agreement"
308599282913,amber,scored,1.000,402717674799,USD_2022-09-11_ACC#00001_66912     0670806708182953614476SHOJI46         MORIBUND ROTENONES S SMILAX   BOLL      00182953614476SHOJI46         MORIBUND ZYGNEMA SK HYRACIFORM,"best global assignment on amount, date and reference agreement"
722102281362,amber,scored,1.000,256217412102,USD_2022-09-11_ACC#00001_66912     0122001220183934512660CHARE98         MORIBUND ROTENONES S SMILAX   BOLL      00183934512660CHARE98         MORIBUND ZYGNEMA SK HYRACIFORM,"best global assignment on amount, date and reference agreement"
342163652054,amber,scored,1.000,53088570149,USD_2022-09-11_ACC#00001_66912     0670806708184539814476UNDOG76         MORIBUND VEXES WHUFF SMILAX   BOLL      00184539814476UNDOG76         MORIBUND VEXES S FOMALHAUT,"best global assignment on amount, date and reference agreement"
185108672748,amber,scored,1.000,83631174548,USD_2022-09-11_ACC#00001_66912     0670806708184555914407COCT382         MORIBUND ROTENONES S SMILAX   BOLL      00184555914407COCT382         MORIBUND ZYGNEMA SK HYRACIFORM,"best global assignment on amount, date and reference agreement"
55416951815,amber,scored,1.000,901568563075,USD_2022-09-11_ACC#00001_66912     0676506765185337755570EPEE553         MORIBUND ROTENONES S SMILAX   BOLL      00185337755570EPEE553         MORIBUND ZYGNEMA SK HYRACIFORM,"best global assignment on amount, date and reference agreement"
903212630413,amber,scored,1.000,749257653915,USD_2022-09-11_ACC#00001_66912     02566025660666H3         6666666666 SMILAX   FGGKR     FW0666H3         6666666666,"best global assignment on amount, date and reference agreement"
892247684060,amber,scored,1.000,505436395078,USD_2022-09-11_ACC#00001_66912     0670806708185118214474CUMYL85         MORIBUND ROTENONES S SMILAX   BOLL      00185118214474CUMYL85         MORIBUND ZYGNEMA SK HYRACIFORM,"best global assignment on amount, date and reference agreement"
368191248885,amber,scored,1.000,935253145740,USD_2022-09-11_ACC#00001_66912     0676506765189462615574DOYST31         MORIBUND VEXES WHUFF SMILAX   BOLL      00189462615574DOYST31         MORIBUND VEXES S FOMALHAUT,"best global assignment on amount, date and reference agreement"
443953597008,amber,scored,1.000,517518856294,USD_2022-09-11_ACC#00001_66912     0670806708184555314407BREI801         MORIBUND VEXES WHUFF SMILAX   BOLL      00184555314407BREI801         MORIBUND VEXES S FOMALHAUT,"best global assignment on amount, date and reference agreement"
50349842039,amber,scored,1.000,174011432851,USD_2022-09-11_ACC#00001_66912     0156801568189914017661DOYST55         MORIBUND VEXES WHUFF SMILAX   BOLL      00189914017661DOYST55         MORIBUND VEXES S FOMALHAUT,"best global assignment on amount, date and reference agreement"
626883813487,amber,scored,1.000,604494080137,USD_2022-09-11_ACC#00001_66912     66325663257 29266D9Q59 088            JOQVY - BAS - SM SMILAX   GFG       VC7 29266D9Q59 088            JOQVY - BAS - SM,"best global assignment on amount, date and reference agreement"
345904595978,amber,scored,1.000,359134300953,USD_2022-09-11_ACC#00001_66912     02566025660666H3         6666666666 SMILAX   FGGKR     FW0666H3         6666666666,"best global assignment on amount, date and reference agreement"
543532987017,amber,scored,1.000,737819024572,USD_2022-09-11_ACC#00001_66912     0670806708182997214476SAUM593         MORIBUND ROTENONES S SMILAX   BOLL      00182997214476SAUM593         MORIBUND ZYGNEMA SK HYRACIFORM,"best global assignment on amount, date and reference agreement"
451259337179,amber,scored,1.000,269168940840,USD_2022-09-11_ACC#00001_66912     0670806708182998314476CHARE83         MORIBUND ROTENONES S SMILAX   BOLL      00182998314476CHARE83         MORIBUND ZYGNEMA SK HYRACIFORM,"best global assignment on amount, date and reference agreement"
9584553514,amber,scored,1.000,993844659599,USD_2022-09-11_ACC#00001_66912     0676506765189411155570DOYST31         MORIBUND ROTENONES S SMILAX   BOLL      00189411155570DOYST31         MORIBUND ZYGNEMA SK HYRACIFORM,"best global assignment on amount, date and reference agreement"
400870741447,amber,scored,1.000,111097760848,USD_2022-09-11_ACC#00001_66912     0670806708182955514476CHARE58         MORIBUND ROTENONES S SMILAX   BOLL      00182955514476CHARE58         MORIBUND ZYGNEMA SK HYRACIFORM,"best global assignment on amount, date and reference agreement"
734001837609,amber,scored,1.000,144650484189,USD_2022-09-11_ACC#00001_66912     0603606036189963367888NACHE73         OFF TMH SEE FAMES SMILAX   BOLL      00189963367888NACHE73         OFF TMH SEE EMEU S,"best global assignment on amount, date and reference agreement"
483609230606,amber,scored,1.000,460407580285,USD_2022-09-11_ACC#00001_66912     02566025660666H3         6666666666 SMILAX   FGGKR     FW0666H3         6666666666,"best global assignment on amount, date and reference agreement"
864274761455,amber,scored,1.000,333420340706,USD_2022-09-11_ACC#00001_66912     66325663257 29266D9YTL 088            JOQVY - BAS - SM SMILAX   GFG       VC7 29266D9YTL 088            JOQVY - BAS - SM,"best global assignment on amount, date and reference agreement"
863925921591,amber,scored,1.000,543067244520,USD_2022-09-11_ACC#00001_66912     0779507795 SMILAX   WAP,"best global assignment on amount, date and reference agreement"
371349150031,amber,scored,1.000,224694644677,USD_2022-09-11_ACC#00001_66912     0670806708182954314476GULA705         MORIBUND ROTENONES S SMILAX   BOLL      00182954314476GULA705         MORIBUND ZYGNEMA SK HYRACIFORM,"best global assignment on amount, date and reference agreement"
916874953027,amber,scored,1.000,625234913779,USD_2022-09-11_ACC#00001_66912     09999099990666H3         6666666666 SMILAX   FGGKR     FW0666H3         6666666666,"best global assignment on amount, date and reference agreement"
134315182302,amber,scored,1.000,584305482349,USD_2022-09-10_ACC#00001_66912     0670806708184935814476CHARE58         MORIBUND ROTENONES S SMILAX   BOLL      00184935814476CHARE58         MORIBUND ZYGNEMA SK HYRACIFORM,"best global assignment on amount, date and reference agreement"
254726179094,amber,scored,1.000,779839770623,USD_2022-09-11_ACC#00001_66912     0670806708182990414476CHARE58         MORIBUND ROTENONES S SMILAX   BOLL      00182990414476CHARE58         MORIBUND ZYGNEMA SK HYRACIFORM,"best global assignment on amount, date and reference agreement"
877574121629,amber,scored,1.000,603192686922,USD_2022-09-10_ACC#00001_66912     0670806708184945214476CHARE91         MORIBUND ROTENONES S SMILAX   BOLL      00184945214476CHARE91         MORIBUND ZYGNEMA SK HYRACIFORM,"best global assignment on amount, date and reference agreement"
801740949,amber,scored,1.000,697630003462,USD_2022-09-11_ACC#00001_66912     0122701227189732212607KAVI626         MORIBUND VEXES WHUFF SMILAX   BOLL      00189732212607KAVI626         MORIBUND VEXES S FOMALHAUT,"best global assignment on amount, date and reference agreement"
868352049399,amber,scored,1.000,148309498017,USD_2022-09-11_ACC#00001_66912     0670806708182951114476SHOJI46         MORIBUND ROTENONES S SMILAX   BOLL      00182951114476SHOJI46         MORIBUND ZYGNEMA SK HYRACIFORM,"best global assignment on amount, date and reference agreement"
494308264125,amber,scored,1.000,848084249771,USD_2022-09-10_ACC#00001_66912     0670806708184537214476CHARE53         MORIBUND ROTENONES S SMILAX   BOLL      00184537214476CHARE53         MORIBUND ZYGNEMA SK HYRACIFORM,"best global assignment on amount, date and reference agreement"
27867040875,amber,scored,1.000,522679684900,USD_2022-09-11_ACC#00001_66912     0670806708185112714471AOIFE45         MORIBUND VEXES WHUFF SMILAX   BOLL      00185112714471AOIFE45         MORIBUND VEXES S FOMALHAUT,"best global assignment on amount, date and reference agreement"
880258412255,amber,scored,1.000,519885962599,USD_2022-09-11_ACC#00001_66912     0670806708182996114476CHARE58         MORIBUND ROTENONES S SMILAX   BOLL      00182996114476CHARE58         MORIBUND ZYGNEMA SK HYRACIFORM,"best global assignment on amount, date and reference agreement"
999069335739,amber,scored,1.000,664489661833,USD_2022-09-11_ACC#00001_66912     0122001220189177412660KAVI626         MORIBUND ROTENONES S SMILAX   BOLL      00189177412660KAVI626         MORIBUND ZYGNEMA SK HYRACIFORM,"best global assignment on amount, date and reference agreement"
321326324685,amber,scored,1.000,953645587569,USD_2022-09-11_ACC#00001_66912     0603606036136573267888CHOIL61         IF TMH TIRO FAMES SMILAX   BOLL      00136573267888CHOIL61         IF TMH TIRO EMEU S,"best global assignment on amount, date and reference agreement"
176065697053,amber,scored,1.000,932688055987,USD_2022-09-11_ACC#00001_66912     0670806708182998714476CHARE58         MORIBUND ROTENONES S SMILAX   BOLL      00182998714476CHARE58         MORIBUND ZYGNEMA SK HYRACIFORM,"best global assignment on amount, date and reference agreement"
209796630438,amber,scored,1.000,131559136161,USD_2022-09-11_ACC#00001_66912     0156801568189591017661DOYST31         MORIBUND ROTENONES S SMILAX   BOLL      00189591017661DOYST31         MORIBUND ZYGNEMA SK HYRACIFORM,"best global assignment on amount, date and reference agreement"
52376893823,amber,scored,1.000,240771267307,USD_2022-09-10_ACC#00001_66912     0670806708184547714476CHARE58         MORIBUND ROTENONES S SMILAX   BOLL      00184547714476CHARE58         MORIBUND ZYGNEMA SK HYRACIFORM,"best global assignment on amount, date and reference agreement"
890949254612,amber,scored,1.000,14996876086,USD_2022-09-11_ACC#00001_66912     0141601416630122441416ROHOB81         IPL ODONTOLOGY WHUFF SMILAX   BOLL      VU630122441416ROHOB81         IPL ODONTOLOGY S FOMALHAUT,"best global assignment on amount, date and reference agreement"
696319808505,amber,scored,1.000,775586839314,USD_2022-09-11_ACC#00001_66912     0122701227189734312607KAVI626         MORIBUND VEXES WHUFF SMILAX   BOLL      00189734312607KAVI626         MORIBUND VEXES S FOMALHAUT,"best global assignment on amount, date and reference agreement"
796741609420,amber,scored,1.000,401190481194,USD_2022-09-11_ACC#00001_66912     0147701477136503941477EPEE553         IF TMH SEE FAMES SMILAX   BOLL      00136503941477EPEE553         IF TMH SEE FAMES,"best global assignment on amount, date and reference agreement"
102230276099,amber,scored,1.000,973172638334,USD_2022-09-08_ACC#00001_66912     0250702507187310 67666                SEMSEM ODONTOLOGY AZ,"best global assignment on amount, date and reference agreement"
419161524093,amber,scored,1.000,550376899317,USD_2022-09-11_ACC#00001_66912     0141601416116897641416CHARY88         OFF TMH TIRO FAMES SMILAX   BOLL      00116897641416CHARY88         OFF TMH TIRO HAU BT,"best global assignment on amount, date and reference agreement"
383224060740,amber,scored,1.000,711958923751,USD_2022-09-11_ACC#00001_66912     0670806708182187114484SYNE187         MORIBUND VEXES WHUFF SMILAX   BOLL      00182187114484SYNE187         MORIBUND VEXES S FOMALHAUT,"best global assignment on amount, date and reference agreement"
671476824793,amber,scored,1.000,693908247492,USD_2022-09-11_ACC#00001_66912     0122001220182287512660CHARE15         MORIBUND VEXES WHUFF SMILAX   BOLL      00182287512660CHARE15         MORIBUND VEXES S FOMALHAUT,"best global assignment on amount, date and reference agreement"
82385692331,amber,scored,1.000,950737936723,USD_2022-09-11_ACC#00001_66912     66325663250 32566D9VNM 088            JOQVY - BAS - DG SMILAX   GFG       VC0 32566D9VNM 088            JOQVY - BAS - DG,"best global assignment on amount, date and reference agreement"
18328096771,amber,scored,1.000,362151488342,USD_2022-09-11_ACC#00001_66912     0156801568182717817667RIGHT52         MORIBUND ROTENONES S SMILAX   BOLL      00182717817667RIGHT52         MORIBUND ZYGNEMA SK HYRACIFORM,"best global assignment on amount, date and reference agreement"
763549362337,amber,scored,1.000,756275285213,USD_2022-09-11_ACC#00001_66912     0670806708182991814476CHARE58         MORIBUND ROTENONES S SMILAX   BOLL      00182991814476CHARE58         MORIBUND ZYGNEMA SK HYRACIFORM,"best global assignment on amount, date and reference agreement"
921156348858,amber,scored,1.000,192432683808,USD_2022-09-11_ACC#00001_66912     0147701477136508941477DODOS59         IF TMH SEE FAMES SMILAX   BOLL      00136508941477DODOS59         IF TMH SEE FAMES,"best global assignment on amount, date and reference agreement"
933687974794,amber,scored,1.000,587029640657,USD_2022-09-11_ACC#00001_66912     0603606036189964567888HUBBA50         OFF TMH TIRO FAMES SMILAX   BOLL      00189964567888HUBBA50         OFF TMH TIRO HAU BT,"best global assignment on amount, date and reference agreement"
219527673956,amber,scored,1.000,457324374147,USD_2022-09-11_ACC#00001_66912     0122001220185114412660KELD584         MORIBUND ROTENONES S SMILAX   BOLL      00185114412660KELD584         MORIBUND ZYGNEMA SK HYRACIFORM,"best global assignment on amount, date and reference agreement"
22498049394,amber,scored,1.000,68728924664,USD_2022-09-11_ACC#00001_66912     0147701477188942141477SYNE659         OFF TMH TIRO FAMES SMILAX   BOLL      00188942141477SYNE659         OFF TMH TIRO HAU BT,"best global assignment on amount, date and reference agreement"
485445719059,amber,scored,1.000,425799858854,USD_2022-09-11_ACC#00001_66912     0646406464189695461008MEGGY19         MORIBUND ROTENONES S SMILAX   BOLL      00189695461008MEGGY19         MORIBUND ZYGNEMA SK HYRACIFORM,"best global assignment on amount, date and reference agreement"
923275645283,amber,scored,1.000,497014555967,USD_2022-09-11_ACC#00001_66912     0676506765136131155578EPEE553         MORIBUND VEXES WHUFF SMILAX   BOLL      00136131155578EPEE553         MORIBUND VEXES S FOMALHAUT,"best global assignment on amount, date and reference agreement"
983007079266,red,unmatched,0.000,,,no ledger candidate within amount and date tolerance
324780039079,red,unmatched,0.000,,,no ledger candidate within amount and date tolerance
548232382698,red,unmatched,0.000,,,no ledger candidate within amount and date tolerance
580928594052,red,unmatched,0.000,,,no ledger candidate within amount and date tolerance
948383315117,red,unmatched,0.000,,,no ledger candidate within amount and date tolerance
551672678445,red,unmatched,0.000,,,no ledger candidate within amount and date tolerance
574278078203,red,unmatched,0.000,,,no ledger candidate within amount and date tolerance
122628720406,red,unmatched,0.000,,,no ledger candidate within amount and date tolerance
882486127245,red,unmatched,0.000,,,no ledger candidate within amount and date tolerance
479202792949,red,unmatched,0.000,,,no ledger candidate within amount and date tolerance
218934985739,red,unmatched,0.000,,,no ledger candidate within amount and date tolerance
439716501509,red,unmatched,0.000,,,no ledger candidate within amount and date tolerance
446743665183,red,unmatched,0.000,,,no ledger candidate within amount and date tolerance
179567654560,red,unmatched,0.000,,,no ledger candidate within amount and date tolerance
736037592561,red,unmatched,0.000,,,no ledger candidate within amount and date tolerance
667738318182,red,unmatched,0.000,,,no ledger candidate within amount and date tolerance
331174082300,red,unmatched,0.000,,,no ledger candidate within amount and date tolerance
461083544962,red,unmatched,0.000,,,no ledger candidate within amount and date tolerance
790279226752,red,unmatched,0.000,,,no ledger candidate within amount and date tolerance
37297948030,red,unmatched,0.000,,,no ledger candidate within amount and date tolerance
571500521650,red,unmatched,0.000,,,no ledger candidate within amount and date tolerance
354413234779,red,unmatched,0.000,,,no ledger candidate within amount and date tolerance
353057598979,red,unmatched,0.000,,,no ledger candidate within amount and date tolerance
274840462070,red,unmatched,0.000,,,no ledger candidate within amount and date tolerance
493651206935,red,unmatched,0.000,,,no ledger candidate within amount and date tolerance
809643340057,red,unmatched,0.000,,,no ledger candidate within amount and date tolerance
590545015611,red,unmatched,0.000,,,no ledger candidate within amount and date tolerance
24645811084,red,unmatched,0.000,,,no ledger candidate within amount and date tolerance
521088158956,red,unmatched,0.000,,,no ledger candidate within amount and date tolerance
769604861445,red,unmatched,0.000,,,no ledger candidate within amount and date tolerance
967253397139,red,unmatched,0.000,,,no ledger candidate within amount and date tolerance
60514709076,red,unmatched,0.000,,,no ledger candidate within amount and date tolerance
887465057768,red,unmatched,0.000,,,no ledger candidate within amount and date tolerance
245290518207,red,unmatched,0.000,,,no ledger candidate within amount and date tolerance
511686945201,red,unmatched,0.000,,,no ledger candidate within amount and date tolerance
68272425228,red,unmatched,0.000,,,no ledger candidate within amount and date tolerance
601069997773,red,unmatched,0.000,,,no ledger candidate within amount and date tolerance
377353574859,red,unmatched,0.000,,,no ledger candidate within amount and date tolerance
717616665556,red,unmatched,0.000,,,no ledger candidate within amount and date tolerance
528870509261,red,unmatched,0.000,,,no ledger candidate within amount and date tolerance
731132036866,red,unmatched,0.000,,,no ledger candidate within amount and date tolerance
345799131801,red,unmatched,0.000,,,no ledger candidate within amount and date tolerance
371930908315,red,unmatched,0.000,,,no ledger candidate within amount and date tolerance
451897907511,red,unmatched,0.000,,,no ledger candidate within amount and date tolerance
928296536582,red,unmatched,0.000,,,no ledger candidate within amount and date tolerance
360911102195,red,unmatched,0.000,,,no ledger candidate within amount and date tolerance
78174205577,red,unmatched,0.000,,,no ledger candidate within amount and date tolerance
583718774073,red,unmatched,0.000,,,no ledger candidate within amount and date tolerance
548640389223,red,unmatched,0.000,,,no ledger candidate within amount and date tolerance
614909206373,red,unmatched,0.000,,,no ledger candidate within amount and date tolerance
562737057987,red,unmatched,0.000,,,no ledger candidate within amount and date tolerance
354722654226,red,unmatched,0.000,,,no ledger candidate within amount and date tolerance
204460791768,red,unmatched,0.000,,,no ledger candidate within amount and date tolerance
90289967533,red,unmatched,0.000,,,no ledger candidate within amount and date tolerance
264331575855,red,unmatched,0.000,,,no ledger candidate within amount and date tolerance
666037407279,red,unmatched,0.000,,,no ledger candidate within amount and date tolerance
564127585105,red,unmatched,0.000,,,no ledger candidate within amount and date tolerance
856975998875,red,unmatched,0.000,,,no ledger candidate within amount and date tolerance
889532162998,red,unmatched,0.000,,,no ledger candidate within amount and date tolerance
682580792008,red,unmatched,0.000,,,no ledger candidate within amount and date tolerance
735131920280,red,unmatched,0.000,,,no ledger candidate within amount and date tolerance
313741738906,red,unmatched,0.000,,,no ledger candidate within amount and date tolerance
906098188735,red,unmatched,0.000,,,no ledger candidate within amount and date tolerance
258936657901,red,unmatched,0.000,,,no ledger candidate within amount and date tolerance
81808365999,red,unmatched,0.000,,,no ledger candidate within amount and date tolerance
492844615052,red,unmatched,0.000,,,no ledger candidate within amount and date tolerance
749398444515,red,unmatched,0.000,,,no ledger candidate within amount and date tolerance
377131706350,red,unmatched,0.000,,,no ledger candidate within amount and date tolerance
863291880453,red,unmatched,0.000,,,no ledger candidate within amount and date tolerance
315762958642,red,unmatched,0.000,,,no ledger candidate within amount and date tolerance
797504083963,red,unmatched,0.000,,,no ledger candidate within amount and date tolerance
80235217986,red,unmatched,0.000,,,no ledger candidate within amount and date tolerance
453826067842,red,unmatched,0.000,,,no ledger candidate within amount and date tolerance
939530032823,red,unmatched,0.000,,,no ledger candidate within amount and date tolerance
82462030112,red,unmatched,0.000,,,no ledger candidate within amount and date tolerance
811610420067,red,unmatched,0.000,,,no ledger candidate within amount and date tolerance
966412467492,red,unmatched,0.000,,,no ledger candidate within amount and date tolerance
359619404976,red,unmatched,0.000,,,no ledger candidate within amount and date tolerance
138750151235,red,unmatched,0.000,,,no ledger candidate within amount and date tolerance
413061164810,red,unmatched,0.000,,,no ledger candidate within amount and date tolerance
304534375111,red,unmatched,0.000,,,no ledger candidate within amount and date tolerance
355710008399,red,unmatched,0.000,,,no ledger candidate within amount and date tolerance
215558076087,red,unmatched,0.000,,,no ledger candidate within amount and date tolerance
76902180149,red,unmatched,0.000,,,no ledger candidate within amount and date tolerance
744348663489,red,unmatched,0.000,,,no ledger candidate within amount and date tolerance
432797716632,red,unmatched,0.000,,,no ledger candidate within amount and date tolerance
599408198974,red,unmatched,0.000,,,no ledger candidate within amount and date tolerance
543266611811,red,unmatched,0.000,,,no ledger candidate within amount and date tolerance
635600668914,red,unmatched,0.000,,,no ledger candidate within amount and date tolerance
179155896499,red,unmatched,0.000,,,no ledger candidate within amount and date tolerance
867153777442,red,unmatched,0.000,,,no ledger candidate within amount and date tolerance
5828457380,red,unmatched,0.000,,,no ledger candidate within amount and date tolerance
874901997323,red,unmatched,0.000,,,no ledger candidate within amount and date tolerance
216014754463,red,unmatched,0.000,,,no ledger candidate within amount and date tolerance
382940437312,red,unmatched,0.000,,,no ledger candidate within amount and date tolerance
42180777554,red,unmatched,0.000,,,no ledger candidate within amount and date tolerance
286561017251,red,unmatched,0.000,,,no ledger candidate within amount and date tolerance
196837959375,red,unmatched,0.000,,,no ledger candidate within amount and date tolerance
951800664179,red,unmatched,0.000,,,no ledger candidate within amount and date tolerance
948886715237,red,unmatched,0.000,,,no ledger candidate within amount and date tolerance
287046416148,red,unmatched,0.000,,,no ledger candidate within amount and date tolerance
987048814639,red,unmatched,0.000,,,no ledger candidate within amount and date tolerance
503341100997,red,unmatched,0.000,,,no ledger candidate within amount and date tolerance
30938202076,red,unmatched,0.000,,,no ledger candidate within amount and date tolerance
119188988164,red,unmatched,0.000,,,no ledger candidate within amount and date tolerance
587948823238,red,unmatched,0.000,,,no ledger candidate within amount and date tolerance
886829093875,red,unmatched,0.000,,,no ledger candidate within amount and date tolerance
74687803004,red,unmatched,0.000,,,no ledger candidate within amount and date tolerance
351486495892,red,unmatched,0.000,,,no ledger candidate within amount and date tolerance
567311223585,red,unmatched,0.000,,,no ledger candidate within amount and date tolerance
428974878595,red,unmatched,0.000,,,no ledger candidate within amount and date tolerance
775770442934,red,unmatched,0.000,,,no ledger candidate within amount and date tolerance
186139113270,red,unmatched,0.000,,,no ledger candidate within amount and date tolerance
62945706695,red,unmatched,0.000,,,no ledger candidate within amount and date tolerance
116178294121,red,unmatched,0.000,,,no ledger candidate within amount and date tolerance
353934490989,red,unmatched,0.000,,,no ledger candidate within amount and date tolerance
150255818733,red,unmatched,0.000,,,no ledger candidate within amount and date tolerance
678422252875,red,unmatched,0.000,,,no ledger candidate within amount and date tolerance
592818136341,red,unmatched,0.000,,,no ledger candidate within amount and date tolerance
465856437877,red,unmatched,0.000,,,no ledger candidate within amount and date tolerance
354345604932,red,unmatched,0.000,,,no ledger candidate within amount and date tolerance
341953403988,red,unmatched,0.000,,,no ledger candidate within amount and date tolerance
455379877912,red,unmatched,0.000,,,no ledger candidate within amount and date tolerance
470659117290,red,unmatched,0.000,,,no ledger candidate within amount and date tolerance
463894343582,red,unmatched,0.000,,,no ledger candidate within amount and date tolerance
167492160982,red,unmatched,0.000,,,no ledger candidate within amount and date tolerance
142469893173,red,unmatched,0.000,,,no ledger candidate within amount and date tolerance
929849646625,red,unmatched,0.000,,,no ledger candidate within amount and date tolerance
802433233359,red,unmatched,0.000,,,no ledger candidate within amount and date tolerance
717074296120,red,unmatched,0.000,,,no ledger candidate within amount and date tolerance
648103186304,red,unmatched,0.000,,,no ledger candidate within amount and date tolerance
474783136622,red,unmatched,0.000,,,no ledger candidate within amount and date tolerance
999929209978,red,unmatched,0.000,,,no ledger candidate within amount and date tolerance
656602040053,red,unmatched,0.000,,,no ledger candidate within amount and date tolerance
664907059499,red,unmatched,0.000,,,no ledger candidate within amount and date tolerance
324729116845,red,unmatched,0.000,,,no ledger candidate within amount and date tolerance
651835941195,red,unmatched,0.000,,,no ledger candidate within amount and date tolerance
986902023924,red,unmatched,0.000,,,no ledger candidate within amount and date tolerance
983726832956,red,unmatched,0.000,,,no ledger candidate within amount and date tolerance
929937787176,red,unmatched,0.000,,,no ledger candidate within amount and date tolerance
971740997519,red,unmatched,0.000,,,no ledger candidate within amount and date tolerance
904872327842,red,unmatched,0.000,,,no ledger candidate within amount and date tolerance
25645824716,red,unmatched,0.000,,,no ledger candidate within amount and date tolerance
509595467738,red,unmatched,0.000,,,no ledger candidate within amount and date tolerance
465212448704,red,unmatched,0.000,,,no ledger candidate within amount and date tolerance
585938436607,red,unmatched,0.000,,,no ledger candidate within amount and date tolerance
673941365691,red,unmatched,0.000,,,no ledger candidate within amount and date tolerance
162000609794,red,unmatched,0.000,,,no ledger candidate within amount and date tolerance
575936093178,red,unmatched,0.000,,,no ledger candidate within amount and date tolerance
337296185912,red,unmatched,0.000,,,no ledger candidate within amount and date tolerance
150231802687,red,unmatched,0.000,,,no ledger candidate within amount and date tolerance
870023484505,red,unmatched,0.000,,,no ledger candidate within amount and date tolerance
629112272355,red,unmatched,0.000,,,no ledger candidate within amount and date tolerance
978362380244,red,unmatched,0.000,,,no ledger candidate within amount and date tolerance
74717590897,red,unmatched,0.000,,,no ledger candidate within amount and date tolerance
651607565140,red,unmatched,0.000,,,no ledger candidate within amount and date tolerance
740209655113,red,unmatched,0.000,,,no ledger candidate within amount and date tolerance
839307641283,red,unmatched,0.000,,,no ledger candidate within amount and date tolerance
823254640208,red,unmatched,0.000,,,no ledger candidate within amount and date tolerance
732124484554,red,unmatched,0.000,,,no ledger candidate within amount and date tolerance
334020780103,red,unmatched,0.000,,,no ledger candidate within amount and date tolerance
22082617779,red,unmatched,0.000,,,no ledger candidate within amount and date tolerance
61768844468,red,unmatched,0.000,,,no ledger candidate within amount and date tolerance
712605640513,red,unmatched,0.000,,,no ledger candidate within amount and date tolerance
192171045558,red,unmatched,0.000,,,no ledger candidate within amount and date tolerance
720375263326,red,unmatched,0.000,,,no ledger candidate within amount and date tolerance
868561374836,red,unmatched,0.000,,,no ledger candidate within amount and date tolerance
721205890184,red,unmatched,0.000,,,no ledger candidate within amount and date tolerance
649511127724,red,unmatched,0.000,,,no ledger candidate within amount and date tolerance
23733775118,red,unmatched,0.000,,,no ledger candidate within amount and date tolerance
542340478112,red,unmatched,0.000,,,no ledger candidate within amount and date tolerance
239231890719,red,unmatched,0.000,,,no ledger candidate within amount and date tolerance
813813173821,red,unmatched,0.000,,,no ledger candidate within amount and date tolerance
886957372718,red,unmatched,0.000,,,no ledger candidate within amount and date tolerance
242517334043,red,unmatched,0.000,,,no ledger candidate within amount and date tolerance
463618116309,red,unmatched,0.000,,,no ledger candidate within amount and date tolerance
446600732226,red,unmatched,0.000,,,no ledger candidate within amount and date tolerance
323076904168,red,unmatched,0.000,,,no ledger candidate within amount and date tolerance
518101541895,red,unmatched,0.000,,,no ledger candidate within amount and date tolerance
990461671103,red,unmatched,0.000,,,no ledger candidate within amount and date tolerance
769028369220,red,unmatched,0.000,,,no ledger candidate within amount and date tolerance
904897162109,red,unmatched,0.000,,,no ledger candidate within amount and date tolerance
99382828158,red,unmatched,0.000,,,no ledger candidate within amount and date tolerance
286394686477,red,unmatched,0.000,,,no ledger candidate within amount and date tolerance
316319700903,red,unmatched,0.000,,,no ledger candidate within amount and date tolerance
645974755072,red,unmatched,0.000,,,no ledger candidate within amount and date tolerance
318670731045,red,unmatched,0.000,,,no ledger candidate within amount and date tolerance
293681653866,red,unmatched,0.000,,,no ledger candidate within amount and date tolerance
363658450913,red,unmatched,0.000,,,no ledger candidate within amount and date tolerance
212633448389,red,unmatched,0.000,,,no ledger candidate within amount and date tolerance
876949134516,red,unmatched,0.000,,,no ledger candidate within amount and date tolerance
653109831025,red,unmatched,0.000,,,no ledger candidate within amount and date tolerance
35757275246,red,unmatched,0.000,,,no ledger candidate within amount and date tolerance
120546928733,red,unmatched,0.000,,,no ledger candidate within amount and date tolerance
565493752210,red,unmatched,0.000,,,no ledger candidate within amount and date tolerance
175925192577,red,unmatched,0.000,,,no ledger candidate within amount and date tolerance
838462371679,red,unmatched,0.000,,,no ledger candidate within amount and date tolerance
539503036318,red,unmatched,0.000,,,no ledger candidate within amount and date tolerance
302826830479,red,unmatched,0.000,,,no ledger candidate within amount and date tolerance
225939903326,red,unmatched,0.000,,,no ledger candidate within amount and date tolerance
730652969896,red,unmatched,0.000,,,no ledger candidate within amount and date tolerance
317427066355,red,unmatched,0.000,,,no ledger candidate within amount and date tolerance
991357266405,red,unmatched,0.000,,,no ledger candidate within amount and date tolerance
207146830760,red,unmatched,0.000,,,no ledger candidate within amount and date tolerance
318117695020,red,unmatched,0.000,,,no ledger candidate within amount and date tolerance
956194276807,red,unmatched,0.000,,,no ledger candidate within amount and date tolerance
930474224924,red,unmatched,0.000,,,no ledger candidate within amount and date tolerance
317076494569,red,unmatched,0.000,,,no ledger candidate within amount and date tolerance
683622432444,red,unmatched,0.000,,,no ledger candidate within amount and date tolerance
746357876430,red,unmatched,0.000,,,no ledger candidate within amount and date tolerance
491292417641,red,unmatched,0.000,,,no ledger candidate within amount and date tolerance
405850906647,red,unmatched,0.000,,,no ledger candidate within amount and date tolerance
318613854273,red,unmatched,0.000,,,no ledger candidate within amount and date tolerance
644760487946,red,unmatched,0.000,,,no ledger candidate within amount and date tolerance
667394096299,red,unmatched,0.000,,,no ledger candidate within amount and date tolerance
283014159567,red,unmatched,0.000,,,no ledger candidate within amount and date tolerance
429869280951,red,unmatched,0.000,,,no ledger candidate within amount and date tolerance
321182235892,red,unmatched,0.000,,,no ledger candidate within amount and date tolerance
552240299232,red,unmatched,0.000,,,no ledger candidate within amount and date tolerance
80820261319,red,unmatched,0.000,,,no ledger candidate within amount and date tolerance
920382951192,red,unmatched,0.000,,,no ledger candidate within amount and date tolerance
150290448920,red,unmatched,0.000,,,no ledger candidate within amount and date tolerance
829967187743,red,unmatched,0.000,,,no ledger candidate within amount and date tolerance
736265461174,red,unmatched,0.000,,,no ledger candidate within amount and date tolerance
600510008204,red,unmatched,0.000,,,no ledger candidate within amount and date tolerance
475566468436,red,unmatched,0.000,,,no ledger candidate within amount and date tolerance
539076549032,red,unmatched,0.000,,,no ledger candidate within amount and date tolerance
809438234181,red,unmatched,0.000,,,no ledger candidate within amount and date tolerance
886450786351,red,unmatched,0.000,,,no ledger candidate within amount and date tolerance
740837470800,red,unmatched,0.000,,,no ledger candidate within amount and date tolerance
336552222557,red,unmatched,0.000,,,no ledger candidate within amount and date tolerance
809233812164,red,unmatched,0.000,,,no ledger candidate within amount and date tolerance
503213205497,red,unmatched,0.000,,,no ledger candidate within amount and date tolerance
661059277384,red,unmatched,0.000,,,no ledger candidate within amount and date tolerance
653400140585,red,unmatched,0.000,,,no ledger candidate within amount and date tolerance
935580190403,red,unmatched,0.000,,,no ledger candidate within amount and date tolerance
94248022890,red,unmatched,0.000,,,no ledger candidate within amount and date tolerance
300050994225,red,unmatched,0.000,,,no ledger candidate within amount and date tolerance
75920936798,red,unmatched,0.000,,,no ledger candidate within amount and date tolerance
550476956764,red,unmatched,0.000,,,no ledger candidate within amount and date tolerance
847017198927,red,unmatched,0.000,,,no ledger candidate within amount and date tolerance
292074266900,red,unmatched,0.000,,,no ledger candidate within amount and date tolerance
714629206670,red,unmatched,0.000,,,no ledger candidate within amount and date tolerance
736137980952,red,unmatched,0.000,,,no ledger candidate within amount and date tolerance
270362303521,red,unmatched,0.000,,,no ledger candidate within amount and date tolerance
681219251238,red,unmatched,0.000,,,no ledger candidate within amount and date tolerance
624202292541,red,unmatched,0.000,,,no ledger candidate within amount and date tolerance
98156471828,red,unmatched,0.000,,,no ledger candidate within amount and date tolerance
635758511519,red,unmatched,0.000,,,no ledger candidate within amount and date tolerance
518940768632,red,unmatched,0.000,,,no ledger candidate within amount and date tolerance
199506549660,red,unmatched,0.000,,,no ledger candidate within amount and date tolerance
914430663790,red,unmatched,0.000,,,no ledger candidate within amount and date tolerance
544847215045,red,unmatched,0.000,,,no ledger candidate within amount and date tolerance
636635784716,red,unmatched,0.000,,,no ledger candidate within amount and date tolerance
471866528686,red,unmatched,0.000,,,no ledger candidate within amount and date tolerance
61271152233,red,unmatched,0.000,,,no ledger candidate within amount and date tolerance
211528798537,red,unmatched,0.000,,,no ledger candidate within amount and date tolerance
967309759753,red,unmatched,0.000,,,no ledger candidate within amount and date tolerance
863188300296,red,unmatched,0.000,,,no ledger candidate within amount and date tolerance
545490221330,red,unmatched,0.000,,,no ledger candidate within amount and date tolerance
693087279068,red,unmatched,0.000,,,no ledger candidate within amount and date tolerance
796797672217,red,unmatched,0.000,,,no ledger candidate within amount and date tolerance
904265976501,red,unmatched,0.000,,,no ledger candidate within amount and date tolerance
178817083386,red,unmatched,0.000,,,no ledger candidate within amount and date tolerance
907344334833,red,unmatched,0.000,,,no ledger candidate within amount and date tolerance
660173666444,red,unmatched,0.000,,,no ledger candidate within amount and date tolerance
188332747799,red,unmatched,0.000,,,no ledger candidate within amount and date tolerance
266561845134,red,unmatched,0.000,,,no ledger candidate within amount and date tolerance
794151548037,red,unmatched,0.000,,,no ledger candidate within amount and date tolerance
492367351003,red,unmatched,0.000,,,no ledger candidate within amount and date tolerance
945587188335,red,unmatched,0.000,,,no ledger candidate within amount and date tolerance
711055988665,red,unmatched,0.000,,,no ledger candidate within amount and date tolerance
279444609532,red,unmatched,0.000,,,no ledger candidate within amount and date tolerance
265330460859,red,unmatched,0.000,,,no ledger candidate within amount and date tolerance
876721763716,red,unmatched,0.000,,,no ledger candidate within amount and date tolerance
156382635042,red,unmatched,0.000,,,no ledger candidate within amount and date tolerance
507931034624,red,unmatched,0.000,,,no ledger candidate within amount and date tolerance
556889077112,red,unmatched,0.000,,,no ledger candidate within amount and date tolerance
30560154524,red,unmatched,0.000,,,no ledger candidate within amount and date tolerance
532441841498,red,unmatched,0.000,,,no ledger candidate within amount and date tolerance
156656239016,red,unmatched,0.000,,,no ledger candidate within amount and date tolerance
542011842764,red,unmatched,0.000,,,no ledger candidate within amount and date tolerance
597175526491,red,unmatched,0.000,,,no ledger candidate within amount and date tolerance
791354018117,red,unmatched,0.000,,,no ledger candidate within amount and date tolerance
652689455713,red,unmatched,0.000,,,no ledger candidate within amount and date tolerance
101134572817,red,unmatched,0.000,,,no ledger candidate within amount and date tolerance
548322858065,red,unmatched,0.000,,,no ledger candidate within amount and date tolerance
361763008019,red,unmatched,0.000,,,no ledger candidate within amount and date tolerance
794078315536,red,unmatched,0.000,,,no ledger candidate within amount and date tolerance
372708859413,red,unmatched,0.000,,,no ledger candidate within amount and date tolerance
992200942783,red,unmatched,0.000,,,no ledger candidate within amount and date tolerance
235736082421,red,unmatched,0.000,,,no ledger candidate within amount and date tolerance
487978230109,red,unmatched,0.000,,,no ledger candidate within amount and date tolerance
647954129075,red,unmatched,0.000,,,no ledger candidate within amount and date tolerance
916377050013,red,unmatched,0.000,,,no ledger candidate within amount and date tolerance
810809642996,red,unmatched,0.000,,,no ledger candidate within amount and date tolerance
322844041553,red,unmatched,0.000,,,no ledger candidate within amount and date tolerance
592195656253,red,unmatched,0.000,,,no ledger candidate within amount and date tolerance
231838334116,red,unmatched,0.000,,,no ledger candidate within amount and date tolerance
940766765878,red,unmatched,0.000,,,no ledger candidate within amount and date tolerance
686127305081,red,unmatched,0.000,,,no ledger candidate within amount and date tolerance
87266098301,red,unmatched,0.000,,,no ledger candidate within amount and date tolerance
892789489858,red,unmatched,0.000,,,no ledger candidate within amount and date tolerance
659128401855,red,unmatched,0.000,,,no ledger candidate within amount and date tolerance
268550016122,red,unmatched,0.000,,,no ledger candidate within amount and date tolerance
271388157403,red,unmatched,0.000,,,no ledger candidate within amount and date tolerance
514635081785,red,unmatched,0.000,,,no ledger candidate within amount and date tolerance
925235763456,red,unmatched,0.000,,,no ledger candidate within amount and date tolerance
70345574956,red,unmatched,0.000,,,no ledger candidate within amount and date tolerance
605870097311,red,unmatched,0.000,,,no ledger candidate within amount and date tolerance
561188747978,red,unmatched,0.000,,,no ledger candidate within amount and date tolerance
791624493397,red,unmatched,0.000,,,no ledger candidate within amount and date tolerance
805191766852,red,unmatched,0.000,,,no ledger candidate within amount and date tolerance
529314801899,red,unmatched,0.000,,,no ledger candidate within amount and date tolerance
359393625273,red,unmatched,0.000,,,no ledger candidate within amount and date tolerance
823041821740,red,unmatched,0.000,,,no ledger candidate within amount and date tolerance
249605481478,red,unmatched,0.000,,,no ledger candidate within amount and date tolerance
591821897251,red,unmatched,0.000,,,no ledger candidate within amount and date tolerance
554816654118,red,unmatched,0.000,,,no ledger candidate within amount and date tolerance
603135153603,red,unmatched,0.000,,,no ledger candidate within amount and date tolerance
805306004877,red,unmatched,0.000,,,no ledger candidate within amount and date tolerance
764263689270,red,unmatched,0.000,,,no ledger candidate within amount and date tolerance
534207241795,red,unmatched,0.000,,,no ledger candidate within amount and date tolerance
453984477545,red,unmatched,0.000,,,no ledger candidate within amount and date tolerance
735749070791,red,unmatched,0.000,,,no ledger candidate within amount and date tolerance
577015512416,red,unmatched,0.000,,,no ledger candidate within amount and date tolerance
256795643932,red,unmatched,0.000,,,no ledger candidate within amount and date tolerance
50194849115,red,unmatched,0.000,,,no ledger candidate within amount and date tolerance
751152268820,red,unmatched,0.000,,,no ledger candidate within amount and date tolerance
669929724239,red,unmatched,0.000,,,no ledger candidate within amount and date tolerance
400920920315,red,unmatched,0.000,,,no ledger candidate within amount and date tolerance
605088226552,red,unmatched,0.000,,,no ledger candidate within amount and date tolerance
649029098668,red,unmatched,0.000,,,no ledger candidate within amount and date tolerance
131163255607,red,unmatched,0.000,,,no ledger candidate within amount and date tolerance
293773543940,red,unmatched,0.000,,,no ledger candidate within amount and date tolerance
955780384055,red,unmatched,0.000,,,no ledger candidate within amount and date tolerance
47073201025,red,unmatched,0.000,,,no ledger candidate within amount and date tolerance
303503115459,red,unmatched,0.000,,,no ledger candidate within amount and date tolerance
694341410367,red,unmatched,0.000,,,no ledger candidate within amount and date tolerance
579324467557,red,unmatched,0.000,,,no ledger candidate within amount and date tolerance
936703966587,red,unmatched,0.000,,,no ledger candidate within amount and date tolerance
616570842655,red,unmatched,0.000,,,no ledger candidate within amount and date tolerance
472175986102,red,unmatched,0.000,,,no ledger candidate within amount and date tolerance
962809733099,red,unmatched,0.000,,,no ledger candidate within amount and date tolerance
189151471867,red,unmatched,0.000,,,no ledger candidate within amount and date tolerance
897634096463,red,unmatched,0.000,,,no ledger candidate within amount and date tolerance
175152288907,red,unmatched,0.000,,,no ledger candidate within amount and date tolerance
942127404775,red,unmatched,0.000,,,no ledger candidate within amount and date tolerance
346460692589,red,unmatched,0.000,,,no ledger candidate within amount and date tolerance
849319634268,red,unmatched,0.000,,,no ledger candidate within amount and date tolerance
107572274224,red,unmatched,0.000,,,no ledger candidate within amount and date tolerance
540970642284,red,unmatched,0.000,,,no ledger candidate within amount and date tolerance
106418122382,red,unmatched,0.000,,,no ledger candidate within amount and date tolerance
744707739714,red,unmatched,0.000,,,no ledger candidate within amount and date tolerance
580826196170,red,unmatched,0.000,,,no ledger candidate within amount and date tolerance
151974696534,red,unmatched,0.000,,,no ledger candidate within amount and date tolerance
642057984860,red,unmatched,0.000,,,no ledger candidate within amount and date tolerance
450713448223,red,unmatched,0.000,,,no ledger candidate within amount and date tolerance
829393748266,red,unmatched,0.000,,,no ledger candidate within amount and date tolerance
329315110655,red,unmatched,0.000,,,no ledger candidate within amount and date tolerance
975387654018,red,unmatched,0.000,,,no ledger candidate within amount and date tolerance
31261971974,red,unmatched,0.000,,,no ledger candidate within amount and date tolerance
311726891385,red,unmatched,0.000,,,no ledger candidate within amount and date tolerance
58347614276,red,unmatched,0.000,,,no ledger candidate within amount and date tolerance
475103422268,red,unmatched,0.000,,,no ledger candidate within amount and date tolerance
736125355275,red,unmatched,0.000,,,no ledger candidate within amount and date tolerance
524294790543,red,unmatched,0.000,,,no ledger candidate within amount and date tolerance
966847958989,red,unmatched,0.000,,,no ledger candidate within amount and date tolerance
188893312035,red,unmatched,0.000,,,no ledger candidate within amount and date tolerance
690744469850,red,unmatched,0.000,,,no ledger candidate within amount and date tolerance
391182350315,red,unmatched,0.000,,,no ledger candidate within amount and date tolerance
333655883705,red,unmatched,0.000,,,no ledger candidate within amount and date tolerance
930378341194,red,unmatched,0.000,,,no ledger candidate within amount and date tolerance
855976085053,red,unmatched,0.000,,,no ledger candidate within amount and date tolerance
814760630391,red,unmatched,0.000,,,no ledger candidate within amount and date tolerance
507117165488,red,unmatched,0.000,,,no ledger candidate within amount and date tolerance
484667223060,red,unmatched,0.000,,,no ledger candidate within amount and date tolerance
841747754676,red,unmatched,0.000,,,no ledger candidate within amount and date tolerance
825303136933,red,unmatched,0.000,,,no ledger candidate within amount and date tolerance
840516773325,red,unmatched,0.000,,,no ledger candidate within amount and date tolerance
982858394194,red,unmatched,0.000,,,no ledger candidate within amount and date tolerance
301498631546,red,unmatched,0.000,,,no ledger candidate within amount and date tolerance
446947372930,red,unmatched,0.000,,,no ledger candidate within amount and date tolerance
59834662023,red,unmatched,0.000,,,no ledger candidate within amount and date tolerance
39997209146,red,unmatched,0.000,,,no ledger candidate within amount and date tolerance
638779365924,red,unmatched,0.000,,,no ledger candidate within amount and date tolerance
462551848846,red,unmatched,0.000,,,no ledger candidate within amount and date tolerance
443679866778,red,unmatched,0.000,,,no ledger candidate within amount and date tolerance
530586761080,red,unmatched,0.000,,,no ledger candidate within amount and date tolerance
67272481119,red,unmatched,0.000,,,no ledger candidate within amount and date tolerance
213241916273,red,unmatched,0.000,,,no ledger candidate within amount and date tolerance
132371110931,red,unmatched,0.000,,,no ledger candidate within amount and date tolerance
647763190499,red,unmatched,0.000,,,no ledger candidate within amount and date tolerance
903993111206,red,unmatched,0.000,,,no ledger candidate within amount and date tolerance
826718227422,red,unmatched,0.000,,,no ledger candidate within amount and date tolerance
245595245391,red,unmatched,0.000,,,no ledger candidate within amount and date tolerance
807663038700,red,unmatched,0.000,,,no ledger candidate within amount and date tolerance
750496059769,red,unmatched,0.000,,,no ledger candidate within amount and date tolerance
436599068704,red,unmatched,0.000,,,no ledger candidate within amount and date tolerance
840065378672,red,unmatched,0.000,,,no ledger candidate within amount and date tolerance
848217714097,red,unmatched,0.000,,,no ledger candidate within amount and date tolerance
205178179119,red,unmatched,0.000,,,no ledger candidate within amount and date tolerance
862506057057,red,unmatched,0.000,,,no ledger candidate within amount and date tolerance
962754435534,red,unmatched,0.000,,,no ledger candidate within amount and date tolerance
856262459604,red,unmatched,0.000,,,no ledger candidate within amount and date tolerance
976569966448,red,unmatched,0.000,,,no ledger candidate within amount and date tolerance
61743735301,red,unmatched,0.000,,,no ledger candidate within amount and date tolerance
389362861850,red,unmatched,0.000,,,no ledger candidate within amount and date tolerance
642718035769,red,unmatched,0.000,,,no ledger candidate within amount and date tolerance
833025622298,red,unmatched,0.000,,,no ledger candidate within amount and date tolerance
501209730077,red,unmatched,0.000,,,no ledger candidate within amount and date tolerance
46979006792,red,unmatched,0.000,,,no ledger candidate within amount and date tolerance
263638873652,red,unmatched,0.000,,,no ledger candidate within amount and date tolerance
169067081976,red,unmatched,0.000,,,no ledger candidate within amount and date tolerance
764978528136,red,unmatched,0.000,,,no ledger candidate within amount and date tolerance
857833771188,red,unmatched,0.000,,,no ledger candidate within amount and date tolerance
604267785201,red,unmatched,0.000,,,no ledger candidate within amount and date tolerance
11685375874,red,unmatched,0.000,,,no ledger candidate within amount and date tolerance
898909431046,red,unmatched,0.000,,,no ledger candidate within amount and date tolerance
495295843971,red,unmatched,0.000,,,no ledger candidate within amount and date tolerance
723628556048,red,unmatched,0.000,,,no ledger candidate within amount and date tolerance
525278453601,red,unmatched,0.000,,,no ledger candidate within amount and date tolerance
849631644321,red,unmatched,0.000,,,no ledger candidate within amount and date tolerance
694265265969,red,unmatched,0.000,,,no ledger candidate within amount and date tolerance
550152515077,red,unmatched,0.000,,,no ledger candidate within amount and date tolerance
224493392509,red,unmatched,0.000,,,no ledger candidate within amount and date tolerance
167335427620,red,unmatched,0.000,,,no ledger candidate within amount and date tolerance
498516985459,red,unmatched,0.000,,,no ledger candidate within amount and date tolerance
854496796823,red,unmatched,0.000,,,no ledger candidate within amount and date tolerance
513120527300,red,unmatched,0.000,,,no ledger candidate within amount and date tolerance
875465942204,red,unmatched,0.000,,,no ledger candidate within amount and date tolerance
520754166827,red,unmatched,0.000,,,no ledger candidate within amount and date tolerance
801611398068,red,unmatched,0.000,,,no ledger candidate within amount and date tolerance
200641119557,red,unmatched,0.000,,,no ledger candidate within amount and date tolerance
959607023269,red,unmatched,0.000,,,no ledger candidate within amount and date tolerance
446348951726,red,unmatched,0.000,,,no ledger candidate within amount and date tolerance
173498617419,red,unmatched,0.000,,,no ledger candidate within amount and date tolerance
690107690607,red,unmatched,0.000,,,no ledger candidate within amount and date tolerance
641381242814,red,unmatched,0.000,,,no ledger candidate within amount and date tolerance
446243774681,red,unmatched,0.000,,,no ledger candidate within amount and date tolerance
784010406869,red,unmatched,0.000,,,no ledger candidate within amount and date tolerance
535075168255,red,unmatched,0.000,,,no ledger candidate within amount and date tolerance
908434941337,red,unmatched,0.000,,,no ledger candidate within amount and date tolerance
550275771044,red,unmatched,0.000,,,no ledger candidate within amount and date tolerance
173982656232,red,unmatched,0.000,,,no ledger candidate within amount and date tolerance
665069521760,red,unmatched,0.000,,,no ledger candidate within amount and date tolerance
725437126341,red,unmatched,0.000,,,no ledger candidate within amount and date tolerance
338613127007,red,unmatched,0.000,,,no ledger candidate within amount and date tolerance
152816169988,red,unmatched,0.000,,,no ledger candidate within amount and date tolerance
110894438999,red,unmatched,0.000,,,no ledger candidate within amount and date tolerance
25673501271,red,unmatched,0.000,,,no ledger candidate within amount and date tolerance
531051883905,red,unmatched,0.000,,,no ledger candidate within amount and date tolerance
431431048438,red,unmatched,0.000,,,no ledger candidate within amount and date tolerance
286080536202,red,unmatched,0.000,,,no ledger candidate within amount and date tolerance
293124225913,red,unmatched,0.000,,,no ledger candidate within amount and date tolerance
286559393449,red,unmatched,0.000,,,no ledger candidate within amount and date tolerance
832692810232,red,unmatched,0.000,,,no ledger candidate within amount and date tolerance
545013511128,red,unmatched,0.000,,,no ledger candidate within amount and date tolerance
605478125091,red,unmatched,0.000,,,no ledger candidate within amount and date tolerance
374169490550,red,unmatched,0.000,,,no ledger candidate within amount and date tolerance
137271490345,red,unmatched,0.000,,,no ledger candidate within amount and date tolerance
555750415690,red,unmatched,0.000,,,no ledger candidate within amount and date tolerance
281597385598,red,unmatched,0.000,,,no ledger candidate within amount and date tolerance
320489213452,red,unmatched,0.000,,,no ledger candidate within amount and date tolerance
97751103579,red,unmatched,0.000,,,no ledger candidate within amount and date tolerance
428725833796,red,unmatched,0.000,,,no ledger candidate within amount and date tolerance
159702719841,red,unmatched,0.000,,,no ledger candidate within amount and date tolerance
572879961828,red,unmatched,0.000,,,no ledger candidate within amount and date tolerance
481214751897,red,unmatched,0.000,,,no ledger candidate within amount and date tolerance
123854871066,red,unmatched,0.000,,,no ledger candidate within amount and date tolerance
240020920701,red,unmatched,0.000,,,no ledger candidate within amount and date tolerance
386779700718,red,unmatched,0.000,,,no ledger candidate within amount and date tolerance
486532295760,red,unmatched,0.000,,,no ledger candidate within amount and date tolerance
334737862217,red,unmatched,0.000,,,no ledger candidate within amount and date tolerance
979152138196,red,unmatched,0.000,,,no ledger candidate within amount and date tolerance
692091398476,red,unmatched,0.000,,,no ledger candidate within amount and date tolerance
155087548077,red,unmatched,0.000,,,no ledger candidate within amount and date tolerance
450051847588,red,unmatched,0.000,,,no ledger candidate within amount and date tolerance
697398721325,red,unmatched,0.000,,,no ledger candidate within amount and date tolerance
177315188640,red,unmatched,0.000,,,no ledger candidate within amount and date tolerance
864645540736,red,unmatched,0.000,,,no ledger candidate within amount and date tolerance
254005063438,red,unmatched,0.000,,,no ledger candidate within amount and date tolerance
38468467777,red,unmatched,0.000,,,no ledger candidate within amount and date tolerance
484433697602,red,unmatched,0.000,,,no ledger candidate within amount and date tolerance
293156364957,red,unmatched,0.000,,,no ledger candidate within amount and date tolerance
717471963347,red,unmatched,0.000,,,no ledger candidate within amount and date tolerance
134176914256,red,unmatched,0.000,,,no ledger candidate within amount and date tolerance
690987091784,red,unmatched,0.000,,,no ledger candidate within amount and date tolerance
213368816863,red,unmatched,0.000,,,no ledger candidate within amount and date tolerance
880335574246,red,unmatched,0.000,,,no ledger candidate within amount and date tolerance
934641964690,red,unmatched,0.000,,,no ledger candidate within amount and date tolerance
292548877184,red,unmatched,0.000,,,no ledger candidate within amount and date tolerance
692753257875,red,unmatched,0.000,,,no ledger candidate within amount and date tolerance
886610071887,red,unmatched,0.000,,,no ledger candidate within amount and date tolerance
534527698116,red,unmatched,0.000,,,no ledger candidate within amount and date tolerance
727706538654,red,unmatched,0.000,,,no ledger candidate within amount and date tolerance
708461097633,red,unmatched,0.000,,,no ledger candidate within amount and date tolerance
516818673715,red,unmatched,0.000,,,no ledger candidate within amount and date tolerance
485761906333,red,unmatched,0.000,,,no ledger candidate within amount and date tolerance
675385867603,red,unmatched,0.000,,,no ledger candidate within amount and date tolerance
170005760265,red,unmatched,0.000,,,no ledger candidate within amount and date tolerance
987764442686,red,unmatched,0.000,,,no ledger candidate within amount and date tolerance
709532905138,red,unmatched,0.000,,,no ledger candidate within amount and date tolerance
108970370234,red,unmatched,0.000,,,no ledger candidate within amount and date tolerance
697899523425,red,unmatched,0.000,,,no ledger candidate within amount and date tolerance
415706554385,red,unmatched,0.000,,,no ledger candidate within amount and date tolerance
965586955284,red,unmatched,0.000,,,no ledger candidate within amount and date tolerance
699257522320,red,unmatched,0.000,,,no ledger candidate within amount and date tolerance
687998854999,red,unmatched,0.000,,,no ledger candidate within amount and date tolerance
225225180664,red,unmatched,0.000,,,no ledger candidate within amount and date tolerance
943816691197,red,unmatched,0.000,,,no ledger candidate within amount and date tolerance
649869932722,red,unmatched,0.000,,,no ledger candidate within amount and date tolerance
791723842240,red,unmatched,0.000,,,no ledger candidate within amount and date tolerance
808617233732,red,unmatched,0.000,,,no ledger candidate within amount and date tolerance
331763745649,red,unmatched,0.000,,,no ledger candidate within amount and date tolerance
313990307495,red,unmatched,0.000,,,no ledger candidate within amount and date tolerance
816043775274,red,unmatched,0.000,,,no ledger candidate within amount and date tolerance
15998962479,red,unmatched,0.000,,,no ledger candidate within amount and date tolerance
211077438949,red,unmatched,0.000,,,no ledger candidate within amount and date tolerance
586699306328,red,unmatched,0.000,,,no ledger candidate within amount and date tolerance
707884330438,red,unmatched,0.000,,,no ledger candidate within amount and date tolerance
573120739430,red,unmatched,0.000,,,no ledger candidate within amount and date tolerance
745522328691,red,unmatched,0.000,,,no ledger candidate within amount and date tolerance
565834049038,red,unmatched,0.000,,,no ledger candidate within amount and date tolerance
590333849108,red,unmatched,0.000,,,no ledger candidate within amount and date tolerance
738506259959,red,unmatched,0.000,,,no ledger candidate within amount and date tolerance
448594265567,red,unmatched,0.000,,,no ledger candidate within amount and date tolerance
791106760634,red,unmatched,0.000,,,no ledger candidate within amount and date tolerance
35615444303,red,unmatched,0.000,,,no ledger candidate within amount and date tolerance
609100683879,red,unmatched,0.000,,,no ledger candidate within amount and date tolerance
714627236212,red,unmatched,0.000,,,no ledger candidate within amount and date tolerance
475101567619,red,unmatched,0.000,,,no ledger candidate within amount and date tolerance
453767941241,red,unmatched,0.000,,,no ledger candidate within amount and date tolerance
108369727085,red,unmatched,0.000,,,no ledger candidate within amount and date tolerance
169106455310,red,unmatched,0.000,,,no ledger candidate within amount and date tolerance
78113784776,red,unmatched,0.000,,,no ledger candidate within amount and date tolerance
571093287945,red,unmatched,0.000,,,no ledger candidate within amount and date tolerance
685617796041,red,unmatched,0.000,,,no ledger candidate within amount and date tolerance
591051762819,red,unmatched,0.000,,,no ledger candidate within amount and date tolerance
190067127648,red,unmatched,0.000,,,no ledger candidate within amount and date tolerance
421761421922,red,unmatched,0.000,,,no ledger candidate within amount and date tolerance
498349492318,red,unmatched,0.000,,,no ledger candidate within amount and date tolerance
298748079432,red,unmatched,0.000,,,no ledger candidate within amount and date tolerance
736577022373,red,unmatched,0.000,,,no ledger candidate within amount and date tolerance
970581103530,red,unmatched,0.000,,,no ledger candidate within amount and date tolerance
901719887388,red,unmatched,0.000,,,no ledger candidate within amount and date tolerance
626468797191,red,unmatched,0.000,,,no ledger candidate within amount and date tolerance
648577784440,red,unmatched,0.000,,,no ledger candidate within amount and date tolerance
873379609191,red,unmatched,0.000,,,no ledger candidate within amount and date tolerance
379306432782,red,unmatched,0.000,,,no ledger candidate within amount and date tolerance
832111721091,red,unmatched,0.000,,,no ledger candidate within amount and date tolerance
295451134648,red,unmatched,0.000,,,no ledger candidate within amount and date tolerance
952871717734,red,unmatched,0.000,,,no ledger candidate within amount and date tolerance
229499063636,red,unmatched,0.000,,,no ledger candidate within amount and date tolerance
172071658220,red,unmatched,0.000,,,no ledger candidate within amount and date tolerance
304033039188,red,unmatched,0.000,,,no ledger candidate within amount and date tolerance
287144903354,red,unmatched,0.000,,,no ledger candidate within amount and date tolerance
331785098262,red,unmatched,0.000,,,no ledger candidate within amount and date tolerance
811279135015,red,unmatched,0.000,,,no ledger candidate within amount and date tolerance
68430366703,red,unmatched,0.000,,,no ledger candidate within amount and date tolerance
549235930402,red,unmatched,0.000,,,no ledger candidate within amount and date tolerance
613486624126,red,unmatched,0.000,,,no ledger candidate within amount and date tolerance
386207539299,red,unmatched,0.000,,,no ledger candidate within amount and date tolerance
598528520966,red,unmatched,0.000,,,no ledger candidate within amount and date tolerance
824114959604,red,unmatched,0.000,,,no ledger candidate within amount and date tolerance
49453419734,red,unmatched,0.000,,,no ledger candidate within amount and date tolerance
238574882802,red,unmatched,0.000,,,no ledger candidate within amount and date tolerance
800940141855,red,unmatched,0.000,,,no ledger candidate within amount and date tolerance
45642793967,red,unmatched,0.000,,,no ledger candidate within amount and date tolerance
568692737634,red,unmatched,0.000,,,no ledger candidate within amount and date tolerance
527567616835,red,unmatched,0.000,,,no ledger candidate within amount and date tolerance
714619453547,red,unmatched,0.000,,,no ledger candidate within amount and date tolerance
515246009663,red,unmatched,0.000,,,no ledger candidate within amount and date tolerance
454623080164,red,unmatched,0.000,,,no ledger candidate within amount and date tolerance
418997172361,red,unmatched,0.000,,,no ledger candidate within amount and date tolerance
120075352264,red,unmatched,0.000,,,no ledger candidate within amount and date tolerance
444200190532,red,unmatched,0.000,,,no ledger candidate within amount and date tolerance
196982539080,red,unmatched,0.000,,,no ledger candidate within amount and date tolerance
972098139470,red,unmatched,0.000,,,no ledger candidate within amount and date tolerance
244763773643,red,unmatched,0.000,,,no ledger candidate within amount and date tolerance
940866485181,red,unmatched,0.000,,,no ledger candidate within amount and date tolerance
29139491327,red,unmatched,0.000,,,no ledger candidate within amount and date tolerance
47641118242,red,unmatched,0.000,,,no ledger candidate within amount and date tolerance
492626803299,red,unmatched,0.000,,,no ledger candidate within amount and date tolerance
68789859060,red,unmatched,0.000,,,no ledger candidate within amount and date tolerance
902718723938,red,unmatched,0.000,,,no ledger candidate within amount and date tolerance
575010813671,red,unmatched,0.000,,,no ledger candidate within amount and date tolerance
577614257197,red,unmatched,0.000,,,no ledger candidate within amount and date tolerance
614466065065,red,unmatched,0.000,,,no ledger candidate within amount and date tolerance
206265430897,red,unmatched,0.000,,,no ledger candidate within amount and date tolerance
306446787902,red,unmatched,0.000,,,no ledger candidate within amount and date tolerance
989478678197,red,unmatched,0.000,,,no ledger candidate within amount and date tolerance
490334221456,red,unmatched,0.000,,,no ledger candidate within amount and date tolerance
128228716088,red,unmatched,0.000,,,no ledger candidate within amount and date tolerance
224790856957,red,unmatched,0.000,,,no ledger candidate within amount and date tolerance
537801487686,red,unmatched,0.000,,,no ledger candidate within amount and date tolerance
390837871102,red,unmatched,0.000,,,no ledger candidate within amount and date tolerance
170235417620,red,unmatched,0.000,,,no ledger candidate within amount and date tolerance
554261718338,red,unmatched,0.000,,,no ledger candidate within amount and date tolerance
447431112850,red,unmatched,0.000,,,no ledger candidate within amount and date tolerance
519065634825,red,unmatched,0.000,,,no ledger candidate within amount and date tolerance
3030035725,red,unmatched,0.000,,,no ledger candidate within amount and date tolerance
354978051304,red,unmatched,0.000,,,no ledger candidate within amount and date tolerance
797487947913,red,unmatched,0.000,,,no ledger candidate within amount and date tolerance
438085934810,red,unmatched,0.000,,,no ledger candidate within amount and date tolerance
816053015544,red,unmatched,0.000,,,no ledger candidate within amount and date tolerance
660290954767,red,unmatched,0.000,,,no ledger candidate within amount and date tolerance
708634868649,red,unmatched,0.000,,,no ledger candidate within amount and date tolerance
304264906955,red,unmatched,0.000,,,no ledger candidate within amount and date tolerance
324704620984,red,unmatched,0.000,,,no ledger candidate within amount and date tolerance
938434716777,red,unmatched,0.000,,,no ledger candidate within amount and date tolerance
688907413303,red,unmatched,0.000,,,no ledger candidate within amount and date tolerance
912715792543,red,unmatched,0.000,,,no ledger candidate within amount and date tolerance
38535431990,red,unmatched,0.000,,,no ledger candidate within amount and date tolerance
536907585303,red,unmatched,0.000,,,no ledger candidate within amount and date tolerance
72751325832,red,unmatched,0.000,,,no ledger candidate within amount and date tolerance
690023720802,red,unmatched,0.000,,,no ledger candidate within amount and date tolerance
91784821799,red,unmatched,0.000,,,no ledger candidate within amount and date tolerance
750653349415,red,unmatched,0.000,,,no ledger candidate within amount and date tolerance
219551546769,red,unmatched,0.000,,,no ledger candidate within amount and date tolerance
650865673268,red,unmatched,0.000,,,no ledger candidate within amount and date tolerance
192031776901,red,unmatched,0.000,,,no ledger candidate within amount and date tolerance
478347819077,red,unmatched,0.000,,,no ledger candidate within amount and date tolerance
58286509877,red,unmatched,0.000,,,no ledger candidate within amount and date tolerance
267455003781,red,unmatched,0.000,,,no ledger candidate within amount and date tolerance
964109681722,red,unmatched,0.000,,,no ledger candidate within amount and date tolerance
12503258229,red,unmatched,0.000,,,no ledger candidate within amount and date tolerance
746069239045,red,unmatched,0.000,,,no ledger candidate within amount and date tolerance
74608281506,red,unmatched,0.000,,,no ledger candidate within amount and date tolerance
631470397076,red,unmatched,0.000,,,no ledger candidate within amount and date tolerance
135456377895,red,unmatched,0.000,,,no ledger candidate within amount and date tolerance
853682856419,red,unmatched,0.000,,,no ledger candidate within amount and date tolerance
261320244017,red,unmatched,0.000,,,no ledger candidate within amount and date tolerance
288427306039,red,unmatched,0.000,,,no ledger candidate within amount and date tolerance
718535547409,red,unmatched,0.000,,,no ledger candidate within amount and date tolerance
855641822857,red,unmatched,0.000,,,no ledger candidate within amount and date tolerance
577027415127,red,unmatched,0.000,,,no ledger candidate within amount and date tolerance
253081653134,red,unmatched,0.000,,,no ledger candidate within amount and date tolerance
142809987943,red,unmatched,0.000,,,no ledger candidate within amount and date tolerance
212322358970,red,unmatched,0.000,,,no ledger candidate within amount and date tolerance
595995702052,red,unmatched,0.000,,,no ledger candidate within amount and date tolerance
427956466100,red,unmatched,0.000,,,no ledger candidate within amount and date tolerance
73659050617,red,unmatched,0.000,,,no ledger candidate within amount and date tolerance
413686500736,red,unmatched,0.000,,,no ledger candidate within amount and date tolerance
6052281201,red,unmatched,0.000,,,no ledger candidate within amount and date tolerance
104180042233,red,unmatched,0.000,,,no ledger candidate within amount and date tolerance
275911167290,red,unmatched,0.000,,,no ledger candidate within amount and date tolerance
516762602190,red,unmatched,0.000,,,no ledger candidate within amount and date tolerance
214372707268,red,unmatched,0.000,,,no ledger candidate within amount and date tolerance
500757482646,red,unmatched,0.000,,,no ledger candidate within amount and date tolerance
953266586649,red,unmatched,0.000,,,no ledger candidate within amount and date tolerance
925636323533,red,unmatched,0.000,,,no ledger candidate within amount and date tolerance
96355749740,red,unmatched,0.000,,,no ledger candidate within amount and date tolerance
998975023164,red,unmatched,0.000,,,no ledger candidate within amount and date tolerance
198975836277,red,unmatched,0.000,,,no ledger candidate within amount and date tolerance
512860637599,red,unmatched,0.000,,,no ledger candidate within amount and date tolerance
850033620894,red,unmatched,0.000,,,no ledger candidate within amount and date tolerance
682558569956,red,unmatched,0.000,,,no ledger candidate within amount and date tolerance
443999226397,red,unmatched,0.000,,,no ledger candidate within amount and date tolerance
922772608350,red,unmatched,0.000,,,no ledger candidate within amount and date tolerance
337264882994,red,unmatched,0.000,,,no ledger candidate within amount and date tolerance
175052228786,red,unmatched,0.000,,,no ledger candidate within amount and date tolerance
415369475530,red,unmatched,0.000,,,no ledger candidate within amount and date tolerance
559057829816,red,unmatched,0.000,,,no ledger candidate within amount and date tolerance
548111646829,red,unmatched,0.000,,,no ledger candidate within amount and date tolerance
867804327870,red,unmatched,0.000,,,no ledger candidate within amount and date tolerance
470337563726,red,unmatched,0.000,,,no ledger candidate within amount and date tolerance
906469283766,red,unmatched,0.000,,,no ledger candidate within amount and date tolerance
273835066032,red,unmatched,0.000,,,no ledger candidate within amount and date tolerance
434764513869,red,unmatched,0.000,,,no ledger candidate within amount and date tolerance
282377861824,red,unmatched,0.000,,,no ledger candidate within amount and date tolerance
586808760950,red,unmatched,0.000,,,no ledger candidate within amount and date tolerance
542272143169,red,unmatched,0.000,,,no ledger candidate within amount and date tolerance
316471825746,red,unmatched,0.000,,,no ledger candidate within amount and date tolerance
624563941632,red,unmatched,0.000,,,no ledger candidate within amount and date tolerance
906936178679,red,unmatched,0.000,,,no ledger candidate within amount and date tolerance
807570495970,red,unmatched,0.000,,,no ledger candidate within amount and date tolerance
22917342635,red,unmatched,0.000,,,no ledger candidate within amount and date tolerance
429694273585,red,unmatched,0.000,,,no ledger candidate within amount and date tolerance
56088003361,red,unmatched,0.000,,,no ledger candidate within amount and date tolerance
642203117222,red,unmatched,0.000,,,no ledger candidate within amount and date tolerance
567295962732,red,unmatched,0.000,,,no ledger candidate within amount and date tolerance
289144710262,red,unmatched,0.000,,,no ledger candidate within amount and date tolerance
567751144335,red,unmatched,0.000,,,no ledger candidate within amount and date tolerance
143021678817,red,unmatched,0.000,,,no ledger candidate within amount and date tolerance
30630381295,red,unmatched,0.000,,,no ledger candidate within amount and date tolerance
727289283808,red,unmatched,0.000,,,no ledger candidate within amount and date tolerance
614753086733,red,unmatched,0.000,,,no ledger candidate within amount and date tolerance
96090588943,red,unmatched,0.000,,,no ledger candidate within amount and date tolerance
25424615241,red,unmatched,0.000,,,no ledger candidate within amount and date tolerance
10964518863,red,unmatched,0.000,,,no ledger candidate within amount and date tolerance
925801761663,red,unmatched,0.000,,,no ledger candidate within amount and date tolerance
924107879407,red,unmatched,0.000,,,no ledger candidate within amount and date tolerance
392301660039,red,unmatched,0.000,,,no ledger candidate within amount and date tolerance
5121920284,red,unmatched,0.000,,,no ledger candidate within amount and date tolerance
520312447691,red,unmatched,0.000,,,no ledger candidate within amount and date tolerance
218567763041,red,unmatched,0.000,,,no ledger candidate within amount and date tolerance
138613304639,red,unmatched,0.000,,,no ledger candidate within amount and date tolerance
733668905411,red,unmatched,0.000,,,no ledger candidate within amount and date tolerance
449463726726,red,unmatched,0.000,,,no ledger candidate within amount and date tolerance
467071779327,red,unmatched,0.000,,,no ledger candidate within amount and date tolerance
477105969765,red,unmatched,0.000,,,no ledger candidate within amount and date tolerance
61657800687,red,unmatched,0.000,,,no ledger candidate within amount and date tolerance
424268296217,red,unmatched,0.000,,,no ledger candidate within amount and date tolerance
542336621342,red,unmatched,0.000,,,no ledger candidate within amount and date tolerance
767521917870,red,unmatched,0.000,,,no ledger candidate within amount and date tolerance
869424524910,red,unmatched,0.000,,,no ledger candidate within amount and date tolerance
422622853436,red,unmatched,0.000,,,no ledger candidate within amount and date tolerance
953497852049,red,unmatched,0.000,,,no ledger candidate within amount and date tolerance
924302427295,red,unmatched,0.000,,,no ledger candidate within amount and date tolerance
764426393169,red,unmatched,0.000,,,no ledger candidate within amount and date tolerance
229189475781,red,unmatched,0.000,,,no ledger candidate within amount and date tolerance
368672979800,red,unmatched,0.000,,,no ledger candidate within amount and date tolerance
366948946008,red,unmatched,0.000,,,no ledger candidate within amount and date tolerance
333085520529,red,unmatched,0.000,,,no ledger candidate within amount and date tolerance
995473358267,red,unmatched,0.000,,,no ledger candidate within amount and date tolerance
158770986680,red,unmatched,0.000,,,no ledger candidate within amount and date tolerance
756130438915,red,unmatched,0.000,,,no ledger candidate within amount and date tolerance
549799376249,red,unmatched,0.000,,,no ledger candidate within amount and date tolerance
759326699304,red,unmatched,0.000,,,no ledger candidate within amount and date tolerance
513341769755,red,unmatched,0.000,,,no ledger candidate within amount and date tolerance
897937195254,red,unmatched,0.000,,,no ledger candidate within amount and date tolerance
974851946791,red,unmatched,0.000,,,no ledger candidate within amount and date tolerance
925697761667,red,unmatched,0.000,,,no ledger candidate within amount and date tolerance
829023238071,red,unmatched,0.000,,,no ledger candidate within amount and date tolerance
361208435142,red,unmatched,0.000,,,no ledger candidate within amount and date tolerance
255299297284,red,unmatched,0.000,,,no ledger candidate within amount and date tolerance
346010323857,red,unmatched,0.000,,,no ledger candidate within amount and date tolerance
918251733579,red,unmatched,0.000,,,no ledger candidate within amount and date tolerance
333525336557,red,unmatched,0.000,,,no ledger candidate within amount and date tolerance
850401357498,red,unmatched,0.000,,,no ledger candidate within amount and date tolerance
974427707465,red,unmatched,0.000,,,no ledger candidate within amount and date tolerance
313280799455,red,unmatched,0.000,,,no ledger candidate within amount and date tolerance
474627057880,red,unmatched,0.000,,,no ledger candidate within amount and date tolerance
228914921231,red,unmatched,0.000,,,no ledger candidate within amount and date tolerance
189136685515,red,unmatched,0.000,,,no ledger candidate within amount and date tolerance
444147429540,red,unmatched,0.000,,,no ledger candidate within amount and date tolerance
970305507394,red,unmatched,0.000,,,no ledger candidate within amount and date tolerance
938891433642,red,unmatched,0.000,,,no ledger candidate within amount and date tolerance
828225899198,red,unmatched,0.000,,,no ledger candidate within amount and date tolerance
620817925340,red,unmatched,0.000,,,no ledger candidate within amount and date tolerance
8554978448,red,unmatched,0.000,,,no ledger candidate within amount and date tolerance
116402529779,red,unmatched,0.000,,,no ledger candidate within amount and date tolerance
3909941443,red,unmatched,0.000,,,no ledger candidate within amount and date tolerance
49440944827,red,unmatched,0.000,,,no ledger candidate within amount and date tolerance
423765586287,red,unmatched,0.000,,,no ledger candidate within amount and date tolerance
687509687290,red,unmatched,0.000,,,no ledger candidate within amount and date tolerance
286915494265,red,unmatched,0.000,,,no ledger candidate within amount and date tolerance
221410197878,red,unmatched,0.000,,,no ledger candidate within amount and date tolerance
898491803924,red,unmatched,0.000,,,no ledger candidate within amount and date tolerance
47143546080,red,unmatched,0.000,,,no ledger candidate within amount and date tolerance
729728934765,red,unmatched,0.000,,,no ledger candidate within amount and date tolerance
289450676160,red,unmatched,0.000,,,no ledger candidate within amount and date tolerance
491819000895,red,unmatched,0.000,,,no ledger candidate within amount and date tolerance
881056818370,red,unmatched,0.000,,,no ledger candidate within amount and date tolerance
942424470480,red,unmatched,0.000,,,no ledger candidate within amount and date tolerance
501375127554,red,unmatched,0.000,,,no ledger candidate within amount and date tolerance
408652368928,red,unmatched,0.000,,,no ledger candidate within amount and date tolerance
854138056576,red,unmatched,0.000,,,no ledger candidate within amount and date tolerance
350337465200,red,unmatched,0.000,,,no ledger candidate within amount and date tolerance
307331435829,red,unmatched,0.000,,,no ledger candidate within amount and date tolerance
709253234879,red,unmatched,0.000,,,no ledger candidate within amount and date tolerance
987202378863,red,unmatched,0.000,,,no ledger candidate within amount and date tolerance
102788835692,red,unmatched,0.000,,,no ledger candidate within amount and date tolerance
509543106957,red,unmatched,0.000,,,no ledger candidate within amount and date tolerance
334118171251,red,unmatched,0.000,,,no ledger candidate within amount and date tolerance
262499210728,red,unmatched,0.000,,,no ledger candidate within amount and date tolerance
666416074653,red,unmatched,0.000,,,no ledger candidate within amount and date tolerance
247779240505,red,unmatched,0.000,,,no ledger candidate within amount and date tolerance
609627736934,red,unmatched,0.000,,,no ledger candidate within amount and date tolerance
857334726446,red,unmatched,0.000,,,no ledger candidate within amount and date tolerance
382903598240,red,unmatched,0.000,,,no ledger candidate within amount and date tolerance
614100457230,red,unmatched,0.000,,,no ledger candidate within amount and date tolerance
34136192605,red,unmatched,0.000,,,no ledger candidate within amount and date tolerance
818693248145,red,unmatched,0.000,,,no ledger candidate within amount and date tolerance
769701333850,red,unmatched,0.000,,,no ledger candidate within amount and date tolerance
778223002165,red,unmatched,0.000,,,no ledger candidate within amount and date tolerance
169629931091,red,unmatched,0.000,,,no ledger candidate within amount and date tolerance
986292343124,red,unmatched,0.000,,,no ledger candidate within amount and date tolerance
472121100702,red,unmatched,0.000,,,no ledger candidate within amount and date tolerance
806609211160,red,unmatched,0.000,,,no ledger candidate within amount and date tolerance
133215635544,red,unmatched,0.000,,,no ledger candidate within amount and date tolerance
5713511330,red,unmatched,0.000,,,no ledger candidate within amount and date tolerance
446862132762,red,unmatched,0.000,,,no ledger candidate within amount and date tolerance
250259591629,red,unmatched,0.000,,,no ledger candidate within amount and date tolerance
354344188483,red,unmatched,0.000,,,no ledger candidate within amount and date tolerance
151933934750,red,unmatched,0.000,,,no ledger candidate within amount and date tolerance
846062670801,red,unmatched,0.000,,,no ledger candidate within amount and date tolerance
42052200224,red,unmatched,0.000,,,no ledger candidate within amount and date tolerance
174300485380,red,unmatched,0.000,,,no ledger candidate within amount and date tolerance
831171922405,red,unmatched,0.000,,,no ledger candidate within amount and date tolerance
831013335704,red,unmatched,0.000,,,no ledger candidate within amount and date tolerance
561581281710,red,unmatched,0.000,,,no ledger candidate within amount and date tolerance
334138668589,red,unmatched,0.000,,,no ledger candidate within amount and date tolerance
6417458874,red,unmatched,0.000,,,no ledger candidate within amount and date tolerance
979602531533,red,unmatched,0.000,,,no ledger candidate within amount and date tolerance
471701223793,red,unmatched,0.000,,,no ledger candidate within amount and date tolerance
337487135522,red,unmatched,0.000,,,no ledger candidate within amount and date tolerance
388222024015,red,unmatched,0.000,,,no ledger candidate within amount and date tolerance
347672150644,red,unmatched,0.000,,,no ledger candidate within amount and date tolerance
999991340284,red,unmatched,0.000,,,no ledger candidate within amount and date tolerance
64680556026,red,unmatched,0.000,,,no ledger candidate within amount and date tolerance
103531876075,red,unmatched,0.000,,,no ledger candidate within amount and date tolerance
792229585644,red,unmatched,0.000,,,no ledger candidate within amount and date tolerance
65396789348,red,unmatched,0.000,,,no ledger candidate within amount and date tolerance
626906091248,red,unmatched,0.000,,,no ledger candidate within amount and date tolerance
494715863466,red,unmatched,0.000,,,no ledger candidate within amount and date tolerance
287812048351,red,unmatched,0.000,,,no ledger candidate within amount and date tolerance
373113194325,red,unmatched,0.000,,,no ledger candidate within amount and date tolerance
626721944464,red,unmatched,0.000,,,no ledger candidate within amount and date tolerance
423794952382,red,unmatched,0.000,,,no ledger candidate within amount and date tolerance
727121392161,red,unmatched,0.000,,,no ledger candidate within amount and date tolerance
95925807493,red,unmatched,0.000,,,no ledger candidate within amount and date tolerance
881803529881,red,unmatched,0.000,,,no ledger candidate within amount and date tolerance
944761896519,red,unmatched,0.000,,,no ledger candidate within amount and date tolerance
472904245000,red,unmatched,0.000,,,no ledger candidate within amount and date tolerance
77378479358,red,unmatched,0.000,,,no ledger candidate within amount and date tolerance
885778560178,red,unmatched,0.000,,,no ledger candidate within amount and date tolerance
350646444612,red,unmatched,0.000,,,no ledger candidate within amount and date tolerance
456247547919,red,unmatched,0.000,,,no ledger candidate within amount and date tolerance
15690640580,red,unmatched,0.000,,,no ledger candidate within amount and date tolerance
174586510119,red,unmatched,0.000,,,no ledger candidate within amount and date tolerance
906530949539,red,unmatched,0.000,,,no ledger candidate within amount and date tolerance
210848718757,red,unmatched,0.000,,,no ledger candidate within amount and date tolerance
72305257607,red,unmatched,0.000,,,no ledger candidate within amount and date tolerance
550212588522,red,unmatched,0.000,,,no ledger candidate within amount and date tolerance
460421279103,red,unmatched,0.000,,,no ledger candidate within amount and date tolerance
151380008278,red,unmatched,0.000,,,no ledger candidate within amount and date tolerance
216223838538,red,unmatched,0.000,,,no ledger candidate within amount and date tolerance
394561375350,red,unmatched,0.000,,,no ledger candidate within amount and date tolerance
48293571877,red,unmatched,0.000,,,no ledger candidate within amount and date tolerance
832190054595,red,unmatched,0.000,,,no ledger candidate within amount and date tolerance
286982028763,red,unmatched,0.000,,,no ledger candidate within amount and date tolerance
878603936005,red,unmatched,0.000,,,no ledger candidate within amount and date tolerance
992568393649,red,unmatched,0.000,,,no ledger candidate within amount and date tolerance
614976136705,red,unmatched,0.000,,,no ledger candidate within amount and date tolerance
346342207250,red,unmatched,0.000,,,no ledger candidate within amount and date tolerance
972901142924,red,unmatched,0.000,,,no ledger candidate within amount and date tolerance
553111331980,red,unmatched,0.000,,,no ledger candidate within amount and date tolerance
208595443743,red,unmatched,0.000,,,no ledger candidate within amount and date tolerance
600938447544,red,unmatched,0.000,,,no ledger candidate within amount and date tolerance
909932391814,red,unmatched,0.000,,,no ledger candidate within amount and date tolerance
518374437034,red,unmatched,0.000,,,no ledger candidate within amount and date tolerance
964061492190,red,unmatched,0.000,,,no ledger candidate within amount and date tolerance
482547280338,red,unmatched,0.000,,,no ledger candidate within amount and date tolerance
550951656578,red,unmatched,0.000,,,no ledger candidate within amount and date tolerance
240137249598,red,unmatched,0.000,,,no ledger candidate within amount and date tolerance
739736900194,red,unmatched,0.000,,,no ledger candidate within amount and date tolerance
829962505147,red,unmatched,0.000,,,no ledger candidate within amount and date tolerance
72380835190,red,unmatched,0.000,,,no ledger candidate within amount and date tolerance
810396550297,red,unmatched,0.000,,,no ledger candidate within amount and date tolerance
517844612400,red,unmatched,0.000,,,no ledger candidate within amount and date tolerance
858777804528,red,unmatched,0.000,,,no ledger candidate within amount and date tolerance
349272851815,red,unmatched,0.000,,,no ledger candidate within amount and date tolerance
75881896006,red,unmatched,0.000,,,no ledger candidate within amount and date tolerance
388457549062,red,unmatched,0.000,,,no ledger candidate within amount and date tolerance
21111770569,red,unmatched,0.000,,,no ledger candidate within amount and date tolerance
650386843188,red,unmatched,0.000,,,no ledger candidate within amount and date tolerance
383103084129,red,unmatched,0.000,,,no ledger candidate within amount and date tolerance
635021607717,red,unmatched,0.000,,,no ledger candidate within amount and date tolerance
670666962574,red,unmatched,0.000,,,no ledger candidate within amount and date tolerance
388158237620,red,unmatched,0.000,,,no ledger candidate within amount and date tolerance
531314805655,red,unmatched,0.000,,,no ledger candidate within amount and date tolerance
536394984621,red,unmatched,0.000,,,no ledger candidate within amount and date tolerance
577246874016,red,unmatched,0.000,,,no ledger candidate within amount and date tolerance
606819271090,red,unmatched,0.000,,,no ledger candidate within amount and date tolerance
276446302388,red,unmatched,0.000,,,no ledger candidate within amount and date tolerance
301029784100,red,unmatched,0.000,,,no ledger candidate within amount and date tolerance
83607471168,red,unmatched,0.000,,,no ledger candidate within amount and date tolerance
888765166151,red,unmatched,0.000,,,no ledger candidate within amount and date tolerance
776842996895,red,unmatched,0.000,,,no ledger candidate within amount and date tolerance
981253095042,red,unmatched,0.000,,,no ledger candidate within amount and date tolerance
837875883278,red,unmatched,0.000,,,no ledger candidate within amount and date tolerance
502351657847,red,unmatched,0.000,,,no ledger candidate within amount and date tolerance
571443245046,red,unmatched,0.000,,,no ledger candidate within amount and date tolerance
186104247417,red,unmatched,0.000,,,no ledger candidate within amount and date tolerance
89726277652,red,unmatched,0.000,,,no ledger candidate within amount and date tolerance
899045126119,red,unmatched,0.000,,,no ledger candidate within amount and date tolerance
82231714411,red,unmatched,0.000,,,no ledger candidate within amount and date tolerance
452055384463,red,unmatched,0.000,,,no ledger candidate within amount and date tolerance
455290029401,red,unmatched,0.000,,,no ledger candidate within amount and date tolerance
742835837286,red,unmatched,0.000,,,no ledger candidate within amount and date tolerance
847487961470,red,unmatched,0.000,,,no ledger candidate within amount and date tolerance
509813158459,red,unmatched,0.000,,,no ledger candidate within amount and date tolerance
187551556626,red,unmatched,0.000,,,no ledger candidate within amount and date tolerance
401752888944,red,unmatched,0.000,,,no ledger candidate within amount and date tolerance
743134910214,red,unmatched,0.000,,,no ledger candidate within amount and date tolerance
660999743528,red,unmatched,0.000,,,no ledger candidate within amount and date tolerance
713502245765,red,unmatched,0.000,,,no ledger candidate within amount and date tolerance
602631976789,red,unmatched,0.000,,,no ledger candidate within amount and date tolerance
694020488875,red,unmatched,0.000,,,no ledger candidate within amount and date tolerance
321446164188,red,unmatched,0.000,,,no ledger candidate within amount and date tolerance
189918916526,red,unmatched,0.000,,,no ledger candidate within amount and date tolerance
110847735125,red,unmatched,0.000,,,no ledger candidate within amount and date tolerance
113151760364,red,unmatched,0.000,,,no ledger candidate within amount and date tolerance
387665722495,red,unmatched,0.000,,,no ledger candidate within amount and date tolerance
653713034552,red,unmatched,0.000,,,no ledger candidate within amount and date tolerance
58941476301,red,unmatched,0.000,,,no ledger candidate within amount and date tolerance
472587359240,red,unmatched,0.000,,,no ledger candidate within amount and date tolerance
816958778179,red,unmatched,0.000,,,no ledger candidate within amount and date tolerance
231392398719,red,unmatched,0.000,,,no ledger candidate within amount and date tolerance
752416244355,red,unmatched,0.000,,,no ledger candidate within amount and date tolerance
257067580625,red,unmatched,0.000,,,no ledger candidate within amount and date tolerance
507314907792,red,unmatched,0.000,,,no ledger candidate within amount and date tolerance
456898216623,red,unmatched,0.000,,,no ledger candidate within amount and date tolerance
126753543441,red,unmatched,0.000,,,no ledger candidate within amount and date tolerance
473037770113,red,unmatched,0.000,,,no ledger candidate within amount and date tolerance
33615994387,red,unmatched,0.000,,,no ledger candidate within amount and date tolerance
866888516489,red,unmatched,0.000,,,no ledger candidate within amount and date tolerance
82929347924,red,unmatched,0.000,,,no ledger candidate within amount and date tolerance
974610445359,red,unmatched,0.000,,,no ledger candidate within amount and date tolerance
895002285378,red,unmatched,0.000,,,no ledger candidate within amount and date tolerance
149353602084,red,unmatched,0.000,,,no ledger candidate within amount and date tolerance
227150765496,red,unmatched,0.000,,,no ledger candidate within amount and date tolerance
360072200130,red,unmatched,0.000,,,no ledger candidate within amount and date tolerance
211989477290,red,unmatched,0.000,,,no ledger candidate within amount and date tolerance
873588923696,red,unmatched,0.000,,,no ledger candidate within amount and date tolerance
404967703186,red,unmatched,0.000,,,no ledger candidate within amount and date tolerance
58845466842,red,unmatched,0.000,,,no ledger candidate within amount and date tolerance
669818119848,red,unmatched,0.000,,,no ledger candidate within amount and date tolerance
695043234327,red,unmatched,0.000,,,no ledger candidate within amount and date tolerance
965624993468,red,unmatched,0.000,,,no ledger candidate within amount and date tolerance
891592846462,red,unmatched,0.000,,,no ledger candidate within amount and date tolerance
537925015011,red,unmatched,0.000,,,no ledger candidate within amount and date tolerance
727603505214,red,unmatched,0.000,,,no ledger candidate within amount and date tolerance
304652591608,red,unmatched,0.000,,,no ledger candidate within amount and date tolerance
794232164032,red,unmatched,0.000,,,no ledger candidate within amount and date tolerance
784907045882,red,unmatched,0.000,,,no ledger candidate within amount and date tolerance
868014679432,red,unmatched,0.000,,,no ledger candidate within amount and date tolerance
935624921374,red,unmatched,0.000,,,no ledger candidate within amount and date tolerance
715003472037,red,unmatched,0.000,,,no ledger candidate within amount and date tolerance
606040996346,red,unmatched,0.000,,,no ledger candidate within amount and date tolerance
474114586967,red,unmatched,0.000,,,no ledger candidate within amount and date tolerance
736537052616,red,unmatched,0.000,,,no ledger candidate within amount and date tolerance
654009765320,red,unmatched,0.000,,,no ledger candidate within amount and date tolerance
771429860587,red,unmatched,0.000,,,no ledger candidate within amount and date tolerance
54899415937,red,unmatched,0.000,,,no ledger candidate within amount and date tolerance
272162726293,red,unmatched,0.000,,,no ledger candidate within amount and date tolerance
803733549707,red,unmatched,0.000,,,no ledger candidate within amount and date tolerance
109397121884,red,unmatched,0.000,,,no ledger candidate within amount and date tolerance
955876144175,red,unmatched,0.000,,,no ledger candidate within amount and date tolerance
277641330406,red,unmatched,0.000,,,no ledger candidate within amount and date tolerance
621498609616,red,unmatched,0.000,,,no ledger candidate within amount and date tolerance
833337306097,red,unmatched,0.000,,,no ledger candidate within amount and date tolerance
52602499090,red,unmatched,0.000,,,no ledger candidate within amount and date tolerance
205940780120,red,unmatched,0.000,,,no ledger candidate within amount and date tolerance
226690014341,red,unmatched,0.000,,,no ledger candidate within amount and date tolerance
704743805530,red,unmatched,0.000,,,no ledger candidate within amount and date tolerance
719458496185,red,unmatched,0.000,,,no ledger candidate within amount and date tolerance
583522678955,red,unmatched,0.000,,,no ledger candidate within amount and date tolerance
613860917675,red,unmatched,0.000,,,no ledger candidate within amount and date tolerance
7672836630,red,unmatched,0.000,,,no ledger candidate within amount and date tolerance
811509624414,red,unmatched,0.000,,,no ledger candidate within amount and date tolerance
373909370513,red,unmatched,0.000,,,no ledger candidate within amount and date tolerance
476710701180,red,unmatched,0.000,,,no ledger candidate within amount and date tolerance
229990397237,red,unmatched,0.000,,,no ledger candidate within amount and date tolerance
230946649119,red,unmatched,0.000,,,no ledger candidate within amount and date tolerance
721025576448,red,unmatched,0.000,,,no ledger candidate within amount and date tolerance
729974045731,red,unmatched,0.000,,,no ledger candidate within amount and date tolerance
927559789884,red,unmatched,0.000,,,no ledger candidate within amount and date tolerance
730292613579,red,unmatched,0.000,,,no ledger candidate within amount and date tolerance
405289116347,red,unmatched,0.000,,,no ledger candidate within amount and date tolerance
505577369310,red,unmatched,0.000,,,no ledger candidate within amount and date tolerance
41680748066,red,unmatched,0.000,,,no ledger candidate within amount and date tolerance
409179246885,red,unmatched,0.000,,,no ledger candidate within amount and date tolerance
926554628118,red,unmatched,0.000,,,no ledger candidate within amount and date tolerance
981010713842,red,unmatched,0.000,,,no ledger candidate within amount and date tolerance
817186412670,red,unmatched,0.000,,,no ledger candidate within amount and date tolerance
112820280450,red,unmatched,0.000,,,no ledger candidate within amount and date tolerance
844316286443,red,unmatched,0.000,,,no ledger candidate within amount and date tolerance
127301812944,red,unmatched,0.000,,,no ledger candidate within amount and date tolerance
710634693897,red,unmatched,0.000,,,no ledger candidate within amount and date tolerance
765746733003,red,unmatched,0.000,,,no ledger candidate within amount and date tolerance
624798891030,red,unmatched,0.000,,,no ledger candidate within amount and date tolerance
945413174514,red,unmatched,0.000,,,no ledger candidate within amount and date tolerance
189867589733,red,unmatched,0.000,,,no ledger candidate within amount and date tolerance
600129176615,red,unmatched,0.000,,,no ledger candidate within amount and date tolerance
445632390070,red,unmatched,0.000,,,no ledger candidate within amount and date tolerance
28798611702,red,unmatched,0.000,,,no ledger candidate within amount and date tolerance
755268735928,red,unmatched,0.000,,,no ledger candidate within amount and date tolerance
264449877482,red,unmatched,0.000,,,no ledger candidate within amount and date tolerance
910689923495,red,unmatched,0.000,,,no ledger candidate within amount and date tolerance
530365290059,red,unmatched,0.000,,,no ledger candidate within amount and date tolerance
756878890827,red,unmatched,0.000,,,no ledger candidate within amount and date tolerance
724379915141,red,unmatched,0.000,,,no ledger candidate within amount and date tolerance
798794446956,red,unmatched,0.000,,,no ledger candidate within amount and date tolerance
343165265236,red,unmatched,0.000,,,no ledger candidate within amount and date tolerance
675230892985,red,unmatched,0.000,,,no ledger candidate within amount and date tolerance
850664692193,red,unmatched,0.000,,,no ledger candidate within amount and date tolerance
22533806342,red,unmatched,0.000,,,no ledger candidate within amount and date tolerance
968504670719,red,unmatched,0.000,,,no ledger candidate within amount and date tolerance
165397723503,red,unmatched,0.000,,,no ledger candidate within amount and date tolerance
868221355446,red,unmatched,0.000,,,no ledger candidate within amount and date tolerance
269841000839,red,unmatched,0.000,,,no ledger candidate within amount and date tolerance
974497060642,red,unmatched,0.000,,,no ledger candidate within amount and date tolerance
159219145746,red,unmatched,0.000,,,no ledger candidate within amount and date tolerance
